timestamp,value,label
02/04/2014 14:25,0,0
02/04/2014 14:30,0,0
02/04/2014 14:35,0,0
02/04/2014 14:40,0,0
02/04/2014 14:45,0,0
02/04/2014 14:50,0,0
02/04/2014 14:55,0,0
02/04/2014 15:00,19949200,0
02/04/2014 15:05,48951300,0
02/04/2014 15:10,431199000,0
02/04/2014 15:15,36434700,0
02/04/2014 15:20,1558940,0
02/04/2014 15:25,0,0
02/04/2014 15:30,0,0
02/04/2014 15:35,0,0
02/04/2014 15:40,0,0
02/04/2014 15:45,0,0
02/04/2014 15:50,0,0
02/04/2014 15:55,0,0
02/04/2014 16:00,0,0
02/04/2014 16:05,0,0
02/04/2014 16:10,0,0
02/04/2014 16:15,0,0
02/04/2014 16:20,0,0
02/04/2014 16:25,0,0
02/04/2014 16:30,0,0
02/04/2014 16:35,0,0
02/04/2014 16:40,0,0
02/04/2014 16:45,0,0
02/04/2014 16:50,0,0
02/04/2014 16:55,0,0
02/04/2014 17:00,0,0
02/04/2014 17:05,34572700,0
02/04/2014 17:10,323807000,0
02/04/2014 17:15,143349000,0
02/04/2014 17:20,35015100,0
02/04/2014 17:25,9830.4,0
02/04/2014 17:30,0,0
02/04/2014 17:35,0,0
02/04/2014 17:40,1259110,0
02/04/2014 17:45,49739400,0
02/04/2014 17:50,12263400,0
02/04/2014 17:55,0,0
02/04/2014 18:00,0,0
02/04/2014 18:05,0,0
02/04/2014 18:10,0,0
02/04/2014 18:15,43611800,0
02/04/2014 18:20,19225800,0
02/04/2014 18:25,36003000,0
02/04/2014 18:30,385991000,0
02/04/2014 18:35,107839000,0
02/04/2014 18:40,6696960,0
02/04/2014 18:45,0,0
02/04/2014 18:50,0,0
02/04/2014 18:55,0,0
02/04/2014 19:00,0,0
02/04/2014 19:05,0,0
02/04/2014 19:10,1376260,0
02/04/2014 19:15,19660.8,0
02/04/2014 19:20,0,0
02/04/2014 19:25,0,0
02/04/2014 19:30,0,0
02/04/2014 19:35,0,0
02/04/2014 19:40,0,0
02/04/2014 19:45,0,0
02/04/2014 19:50,0,0
02/04/2014 19:55,0,0
02/04/2014 20:00,0,0
02/04/2014 20:05,0,0
02/04/2014 20:10,0,0
02/04/2014 20:15,0,0
02/04/2014 20:20,0,0
02/04/2014 20:25,0,0
02/04/2014 20:30,0,0
02/04/2014 20:35,0,0
02/04/2014 20:40,0,0
02/04/2014 20:45,0,0
02/04/2014 20:50,0,0
02/04/2014 20:55,0,0
02/04/2014 21:00,0,0
02/04/2014 21:05,0,0
02/04/2014 21:10,0,0
02/04/2014 21:15,0,0
02/04/2014 21:20,0,0
02/04/2014 21:25,20512800,0
02/04/2014 21:30,51529300,0
02/04/2014 21:35,430348000,0
02/04/2014 21:40,36686200,0
02/04/2014 21:45,1443430,0
02/04/2014 21:50,0,0
02/04/2014 21:55,3276.8,0
02/04/2014 22:00,667648,0
02/04/2014 22:05,46249600,0
02/04/2014 22:10,452547000,0
02/04/2014 22:15,34741500,0
02/04/2014 22:20,3342340,0
02/04/2014 22:25,0,0
02/04/2014 22:30,20099100,0
02/04/2014 22:35,332104000,0
02/04/2014 22:40,146865000,0
02/04/2014 22:45,38238600,0
02/04/2014 22:50,28672,0
02/04/2014 22:55,0,0
02/04/2014 23:00,0,0
02/04/2014 23:05,0,0
02/04/2014 23:10,0,0
02/04/2014 23:15,0,0
02/04/2014 23:20,0,0
02/04/2014 23:25,0,0
02/04/2014 23:30,0,0
02/04/2014 23:35,0,0
02/04/2014 23:40,0,0
02/04/2014 23:45,0,0
02/04/2014 23:50,0,0
02/04/2014 23:55,0,0
03/04/2014 00:00,0,0
03/04/2014 00:05,0,0
03/04/2014 00:10,0,0
03/04/2014 00:15,1543370,0
03/04/2014 00:20,0,0
03/04/2014 00:25,0,0
03/04/2014 00:30,0,0
03/04/2014 00:35,0,0
03/04/2014 00:40,20086000,0
03/04/2014 00:45,236052000,0
03/04/2014 00:50,243388000,0
03/04/2014 00:55,38255000,0
03/04/2014 01:00,26214.4,0
03/04/2014 01:05,0,0
03/04/2014 01:10,0,0
03/04/2014 01:15,0,0
03/04/2014 01:20,0,0
03/04/2014 01:25,0,0
03/04/2014 01:30,0,0
03/04/2014 01:35,0,0
03/04/2014 01:40,0,0
03/04/2014 01:45,0,0
03/04/2014 01:50,0,0
03/04/2014 01:55,0,0
03/04/2014 02:00,0,0
03/04/2014 02:05,0,0
03/04/2014 02:10,0,0
03/04/2014 02:15,0,0
03/04/2014 02:20,0,0
03/04/2014 02:25,0,0
03/04/2014 02:30,0,0
03/04/2014 02:35,0,0
03/04/2014 02:40,0,0
03/04/2014 02:45,0,0
03/04/2014 02:50,0,0
03/04/2014 02:55,0,0
03/04/2014 03:00,0,0
03/04/2014 03:05,0,0
03/04/2014 03:10,0,0
03/04/2014 03:15,0,0
03/04/2014 03:20,0,0
03/04/2014 03:25,0,0
03/04/2014 03:30,0,0
03/04/2014 03:35,0,0
03/04/2014 03:40,0,0
03/04/2014 03:45,0,0
03/04/2014 03:50,0,0
03/04/2014 03:55,0,0
03/04/2014 04:00,0,0
03/04/2014 04:05,0,0
03/04/2014 04:10,0,0
03/04/2014 04:15,0,0
03/04/2014 04:20,0,0
03/04/2014 04:25,0,0
03/04/2014 04:30,0,0
03/04/2014 04:35,0,0
03/04/2014 04:40,0,0
03/04/2014 04:45,0,0
03/04/2014 04:50,0,0
03/04/2014 04:55,0,0
03/04/2014 05:00,0,0
03/04/2014 05:05,0,0
03/04/2014 05:10,3957560,0
03/04/2014 05:15,3855160,0
03/04/2014 05:20,2457.6,0
03/04/2014 05:25,0,0
03/04/2014 05:30,0,0
03/04/2014 05:35,0,0
03/04/2014 05:40,0,0
03/04/2014 05:45,0,0
03/04/2014 05:50,0,0
03/04/2014 05:55,0,0
03/04/2014 06:00,19698500,0
03/04/2014 06:05,43914900,0
03/04/2014 06:10,435383000,0
03/04/2014 06:15,36510100,0
03/04/2014 06:20,1776030,0
03/04/2014 06:25,0,0
03/04/2014 06:30,0,0
03/04/2014 06:35,19983600,0
03/04/2014 06:40,132781000,0
03/04/2014 06:45,346201000,0
03/04/2014 06:50,36318400,0
03/04/2014 06:55,1540100,0
03/04/2014 07:00,0,0
03/04/2014 07:05,0,0
03/04/2014 07:10,0,0
03/04/2014 07:15,0,0
03/04/2014 07:20,0,0
03/04/2014 07:25,0,0
03/04/2014 07:30,0,0
03/04/2014 07:35,0,0
03/04/2014 07:40,0,0
03/04/2014 07:45,0,0
03/04/2014 07:50,0,0
03/04/2014 07:55,0,0
03/04/2014 08:00,42213400,0
03/04/2014 08:05,405453000,0
03/04/2014 08:10,84475100,0
03/04/2014 08:15,6103860,0
03/04/2014 08:20,0,0
03/04/2014 08:25,0,0
03/04/2014 08:30,0,0
03/04/2014 08:35,0,0
03/04/2014 08:40,0,0
03/04/2014 08:45,0,0
03/04/2014 08:50,42166700,0
03/04/2014 08:55,375552000,0
03/04/2014 09:00,113622000,0
03/04/2014 09:05,6631420,0
03/04/2014 09:10,8192,0
03/04/2014 09:15,0,0
03/04/2014 09:20,0,0
03/04/2014 09:25,0,0
03/04/2014 09:30,0,0
03/04/2014 09:35,0,0
03/04/2014 09:40,0,0
03/04/2014 09:45,0,0
03/04/2014 09:50,0,0
03/04/2014 09:55,0,0
03/04/2014 10:00,18841.6,0
03/04/2014 10:05,0,0
03/04/2014 10:10,0,0
03/04/2014 10:15,0,0
03/04/2014 10:20,0,0
03/04/2014 10:25,0,0
03/04/2014 10:30,0,0
03/04/2014 10:35,0,0
03/04/2014 10:40,0,0
03/04/2014 10:45,0,0
03/04/2014 10:50,0,0
03/04/2014 10:55,0,0
03/04/2014 11:00,0,0
03/04/2014 11:05,0,0
03/04/2014 11:10,0,0
03/04/2014 11:15,0,0
03/04/2014 11:20,0,0
03/04/2014 11:25,0,0
03/04/2014 11:30,0,0
03/04/2014 11:35,0,0
03/04/2014 11:40,0,0
03/04/2014 11:45,0,0
03/04/2014 11:50,0,0
03/04/2014 11:55,0,0
03/04/2014 12:00,0,0
03/04/2014 12:05,0,0
03/04/2014 12:10,0,0
03/04/2014 12:15,0,0
03/04/2014 12:20,0,0
03/04/2014 12:25,0,0
03/04/2014 12:30,0,0
03/04/2014 12:35,0,0
03/04/2014 12:40,0,0
03/04/2014 12:45,0,0
03/04/2014 12:50,0,0
03/04/2014 12:55,0,0
03/04/2014 13:00,0,0
03/04/2014 13:05,0,0
03/04/2014 13:10,0,0
03/04/2014 13:15,0,0
03/04/2014 13:20,0,0
03/04/2014 13:25,0,0
03/04/2014 13:30,0,0
03/04/2014 13:35,0,0
03/04/2014 13:40,0,0
03/04/2014 13:45,0,0
03/04/2014 13:50,0,0
03/04/2014 13:55,0,0
03/04/2014 14:00,0,0
03/04/2014 14:05,0,0
03/04/2014 14:10,0,0
03/04/2014 14:15,0,0
03/04/2014 14:20,0,0
03/04/2014 14:25,0,0
03/04/2014 14:30,0,0
03/04/2014 14:35,0,0
03/04/2014 14:40,0,0
03/04/2014 14:45,0,0
03/04/2014 14:50,0,0
03/04/2014 14:55,0,0
03/04/2014 15:00,0,0
03/04/2014 15:05,0,0
03/04/2014 15:10,0,0
03/04/2014 15:15,0,0
03/04/2014 15:20,0,0
03/04/2014 15:25,0,0
03/04/2014 15:30,0,0
03/04/2014 15:35,0,0
03/04/2014 15:40,0,0
03/04/2014 15:45,0,0
03/04/2014 15:50,0,0
03/04/2014 15:55,0,0
03/04/2014 16:00,0,0
03/04/2014 16:05,0,0
03/04/2014 16:10,0,0
03/04/2014 16:15,0,0
03/04/2014 16:20,0,0
03/04/2014 16:25,0,0
03/04/2014 16:30,0,0
03/04/2014 16:35,20191600,0
03/04/2014 16:40,383121000,0
03/04/2014 16:45,98751300,0
03/04/2014 16:50,36441300,0
03/04/2014 16:55,27852.8,0
03/04/2014 17:00,0,0
03/04/2014 17:05,42165000,0
03/04/2014 17:10,382501000,0
03/04/2014 17:15,106686000,0
03/04/2014 17:20,6131710,0
03/04/2014 17:25,0,0
03/04/2014 17:30,0,0
03/04/2014 17:35,0,0
03/04/2014 17:40,0,0
03/04/2014 17:45,0,0
03/04/2014 17:50,0,0
03/04/2014 17:55,0,0
03/04/2014 18:00,0,0
03/04/2014 18:05,0,0
03/04/2014 18:10,0,0
03/04/2014 18:15,18841.6,0
03/04/2014 18:20,0,0
03/04/2014 18:25,0,0
03/04/2014 18:30,0,0
03/04/2014 18:35,0,0
03/04/2014 18:40,0,0
03/04/2014 18:45,0,0
03/04/2014 18:50,0,0
03/04/2014 18:55,36198000,0
03/04/2014 19:00,325132000,0
03/04/2014 19:05,141010000,0
03/04/2014 19:10,35088000,0
03/04/2014 19:15,25395.2,0
03/04/2014 19:20,0,0
03/04/2014 19:25,0,0
03/04/2014 19:30,0,0
03/04/2014 19:35,0,0
03/04/2014 19:40,0,0
03/04/2014 19:45,0,0
03/04/2014 19:50,0,0
03/04/2014 19:55,0,0
03/04/2014 20:00,0,0
03/04/2014 20:05,0,0
03/04/2014 20:10,19975400,0
03/04/2014 20:15,51028800,0
03/04/2014 20:20,428073000,0
03/04/2014 20:25,113367000,0
03/04/2014 20:30,1924300,0
03/04/2014 20:35,0,0
03/04/2014 20:40,0,0
03/04/2014 20:45,0,0
03/04/2014 20:50,0,0
03/04/2014 20:55,0,0
03/04/2014 21:00,0,0
03/04/2014 21:05,0,0
03/04/2014 21:10,0,0
03/04/2014 21:15,0,0
03/04/2014 21:20,0,0
03/04/2014 21:25,20155600,0
03/04/2014 21:30,194304000,0
03/04/2014 21:35,285843000,0
03/04/2014 21:40,38529400,0
03/04/2014 21:45,20228500,0
03/04/2014 21:50,277112000,0
03/04/2014 21:55,204003000,0
03/04/2014 22:00,37994500,0
03/04/2014 22:05,27852.8,0
03/04/2014 22:10,17203.2,0
03/04/2014 22:15,0,0
03/04/2014 22:20,0,0
03/04/2014 22:25,0,0
03/04/2014 22:30,0,0
03/04/2014 22:35,0,0
03/04/2014 22:40,0,0
03/04/2014 22:45,0,0
03/04/2014 22:50,0,0
03/04/2014 22:55,0,0
03/04/2014 23:00,955187,0
03/04/2014 23:05,45953000,0
03/04/2014 23:10,452574000,0
03/04/2014 23:15,35504100,0
03/04/2014 23:20,2542800,0
03/04/2014 23:25,0,0
03/04/2014 23:30,0,0
03/04/2014 23:35,0,0
03/04/2014 23:40,0,0
03/04/2014 23:45,0,0
03/04/2014 23:50,0,0
03/04/2014 23:55,0,0
04/04/2014 00:00,0,0
04/04/2014 00:05,0,0
04/04/2014 00:10,0,0
04/04/2014 00:15,20034400,0
04/04/2014 00:20,148120000,0
04/04/2014 00:25,330980000,0
04/04/2014 00:30,36744400,0
04/04/2014 00:35,1699840,0
04/04/2014 00:40,0,0
04/04/2014 00:45,0,0
04/04/2014 00:50,0,0
04/04/2014 00:55,0,0
04/04/2014 01:00,0,0
04/04/2014 01:05,0,0
04/04/2014 01:10,0,0
04/04/2014 01:15,32768,0
04/04/2014 01:20,0,0
04/04/2014 01:25,0,0
04/04/2014 01:30,0,0
04/04/2014 01:35,0,0
04/04/2014 01:40,0,0
04/04/2014 01:45,0,0
04/04/2014 01:50,0,0
04/04/2014 01:55,0,0
04/04/2014 02:00,0,0
04/04/2014 02:05,0,0
04/04/2014 02:10,0,0
04/04/2014 02:15,0,0
04/04/2014 02:20,0,0
04/04/2014 02:25,0,0
04/04/2014 02:30,0,0
04/04/2014 02:35,0,0
04/04/2014 02:40,0,0
04/04/2014 02:45,0,0
04/04/2014 02:50,0,0
04/04/2014 02:55,0,0
04/04/2014 03:00,0,0
04/04/2014 03:05,0,0
04/04/2014 03:10,0,0
04/04/2014 03:15,0,0
04/04/2014 03:20,0,0
04/04/2014 03:25,0,0
04/04/2014 03:30,0,0
04/04/2014 03:35,0,0
04/04/2014 03:40,0,0
04/04/2014 03:45,0,0
04/04/2014 03:50,0,0
04/04/2014 03:55,0,0
04/04/2014 04:00,0,0
04/04/2014 04:05,0,0
04/04/2014 04:10,0,0
04/04/2014 04:15,0,0
04/04/2014 04:20,0,0
04/04/2014 04:25,0,0
04/04/2014 04:30,0,0
04/04/2014 04:35,0,0
04/04/2014 04:40,0,0
04/04/2014 04:45,0,0
04/04/2014 04:50,0,0
04/04/2014 04:55,0,0
04/04/2014 05:00,0,0
04/04/2014 05:05,3276.8,0
04/04/2014 05:10,0,0
04/04/2014 05:15,0,0
04/04/2014 05:20,0,0
04/04/2014 05:25,0,0
04/04/2014 05:30,0,0
04/04/2014 05:35,0,0
04/04/2014 05:40,0,0
04/04/2014 05:45,0,0
04/04/2014 05:50,0,0
04/04/2014 05:55,0,0
04/04/2014 06:00,1628570,0
04/04/2014 06:05,22118.4,0
04/04/2014 06:10,0,0
04/04/2014 06:15,39834400,0
04/04/2014 06:20,378149000,0
04/04/2014 06:25,89764700,0
04/04/2014 06:30,34828300,0
04/04/2014 06:35,27033.6,0
04/04/2014 06:40,0,0
04/04/2014 06:45,0,0
04/04/2014 06:50,0,0
04/04/2014 06:55,0,0
04/04/2014 07:00,0,0
04/04/2014 07:05,0,0
04/04/2014 07:10,0,0
04/04/2014 07:15,0,0
04/04/2014 07:20,0,0
04/04/2014 07:25,0,0
04/04/2014 07:30,0,0
04/04/2014 07:35,0,0
04/04/2014 07:40,0,0
04/04/2014 07:45,0,0
04/04/2014 07:50,0,0
04/04/2014 07:55,0,0
04/04/2014 08:00,0,0
04/04/2014 08:05,0,0
04/04/2014 08:10,0,0
04/04/2014 08:15,0,0
04/04/2014 08:20,0,0
04/04/2014 08:25,0,0
04/04/2014 08:30,0,0
04/04/2014 08:35,0,0
04/04/2014 08:40,0,0
04/04/2014 08:45,0,0
04/04/2014 08:50,0,0
04/04/2014 08:55,0,0
04/04/2014 09:00,0,0
04/04/2014 09:05,0,0
04/04/2014 09:10,0,0
04/04/2014 09:15,0,0
04/04/2014 09:20,0,0
04/04/2014 09:25,0,0
04/04/2014 09:30,0,0
04/04/2014 09:35,0,0
04/04/2014 09:40,6553.6,0
04/04/2014 09:45,3276.8,0
04/04/2014 09:50,0,0
04/04/2014 09:55,0,0
04/04/2014 10:00,0,0
04/04/2014 10:05,0,0
04/04/2014 10:10,0,0
04/04/2014 10:15,0,0
04/04/2014 10:20,0,0
04/04/2014 10:25,0,0
04/04/2014 10:30,0,0
04/04/2014 10:35,0,0
04/04/2014 10:40,0,0
04/04/2014 10:45,0,0
04/04/2014 10:50,43782100,0
04/04/2014 10:55,455594000,0
04/04/2014 11:00,34935600,0
04/04/2014 11:05,3829760,0
04/04/2014 11:10,3276.8,0
04/04/2014 11:15,0,0
04/04/2014 11:20,0,0
04/04/2014 11:25,0,0
04/04/2014 11:30,0,0
04/04/2014 11:35,0,0
04/04/2014 11:40,0,0
04/04/2014 11:45,0,0
04/04/2014 11:50,0,0
04/04/2014 11:55,0,0
04/04/2014 12:00,0,0
04/04/2014 12:05,0,0
04/04/2014 12:10,0,0
04/04/2014 12:15,0,0
04/04/2014 12:20,0,0
04/04/2014 12:25,0,0
04/04/2014 12:30,0,0
04/04/2014 12:35,0,0
04/04/2014 12:40,0,0
04/04/2014 12:45,0,0
04/04/2014 12:50,0,0
04/04/2014 12:55,0,0
04/04/2014 13:00,0,0
04/04/2014 13:05,0,0
04/04/2014 13:10,0,0
04/04/2014 13:15,0,0
04/04/2014 13:20,0,0
04/04/2014 13:25,0,0
04/04/2014 13:30,0,0
04/04/2014 13:35,0,0
04/04/2014 13:40,0,0
04/04/2014 13:45,0,0
04/04/2014 13:50,0,0
04/04/2014 13:55,0,0
04/04/2014 14:00,0,0
04/04/2014 14:05,0,0
04/04/2014 14:10,0,0
04/04/2014 14:15,0,0
04/04/2014 14:20,0,0
04/04/2014 14:25,0,0
04/04/2014 14:30,0,0
04/04/2014 14:35,0,0
04/04/2014 14:40,0,0
04/04/2014 14:45,0,0
04/04/2014 14:50,0,0
04/04/2014 14:55,0,0
04/04/2014 15:00,0,0
04/04/2014 15:05,0,0
04/04/2014 15:10,0,0
04/04/2014 15:15,0,0
04/04/2014 15:20,0,0
04/04/2014 15:25,0,0
04/04/2014 15:30,0,0
04/04/2014 15:35,0,0
04/04/2014 15:40,0,0
04/04/2014 15:45,0,0
04/04/2014 15:50,0,0
04/04/2014 15:55,0,0
04/04/2014 16:00,0,0
04/04/2014 16:05,0,0
04/04/2014 16:10,0,0
04/04/2014 16:15,0,0
04/04/2014 16:20,0,0
04/04/2014 16:25,0,0
04/04/2014 16:30,0,0
04/04/2014 16:35,0,0
04/04/2014 16:40,0,0
04/04/2014 16:45,0,0
04/04/2014 16:50,0,0
04/04/2014 16:55,0,0
04/04/2014 17:00,0,0
04/04/2014 17:05,0,0
04/04/2014 17:10,0,0
04/04/2014 17:15,0,0
04/04/2014 17:20,34406.4,0
04/04/2014 17:25,0,0
04/04/2014 17:30,1100190,0
04/04/2014 17:35,12288,0
04/04/2014 17:40,285901,0
04/04/2014 17:45,0,0
04/04/2014 17:50,0,0
04/04/2014 17:55,0,0
04/04/2014 18:00,0,0
04/04/2014 18:05,0,0
04/04/2014 18:10,20480,0
04/04/2014 18:15,0,0
04/04/2014 18:20,0,0
04/04/2014 18:25,0,0
04/04/2014 18:30,1399190,0
04/04/2014 18:35,10649.6,0
04/04/2014 18:40,3276.8,0
04/04/2014 18:45,46913100,0
04/04/2014 18:50,452529000,0
04/04/2014 18:55,36019400,0
04/04/2014 19:00,2764800,0
04/04/2014 19:05,0,0
04/04/2014 19:10,0,0
04/04/2014 19:15,0,0
04/04/2014 19:20,0,0
04/04/2014 19:25,0,0
04/04/2014 19:30,0,0
04/04/2014 19:35,42218300,0
04/04/2014 19:40,456865000,0
04/04/2014 19:45,33041600,0
04/04/2014 19:50,5980160,0
04/04/2014 19:55,9011.2,0
04/04/2014 20:00,0,0
04/04/2014 20:05,0,0
04/04/2014 20:10,1403290,0
04/04/2014 20:15,0,0
04/04/2014 20:20,1143600,0
04/04/2014 20:25,0,0
04/04/2014 20:30,0,0
04/04/2014 20:35,0,0
04/04/2014 20:40,18841.6,0
04/04/2014 20:45,0,0
04/04/2014 20:50,19602600,0
04/04/2014 20:55,33919800,0
04/04/2014 21:00,372804000,0
04/04/2014 21:05,75610500,0
04/04/2014 21:10,46066900,0
04/04/2014 21:15,2936830,0
04/04/2014 21:20,27033.6,0
04/04/2014 21:25,0,0
04/04/2014 21:30,0,0
04/04/2014 21:35,3276.8,0
04/04/2014 21:40,0,0
04/04/2014 21:45,0,0
04/04/2014 21:50,0,0
04/04/2014 21:55,3276.8,0
04/04/2014 22:00,1508150,0
04/04/2014 22:05,1150160,0
04/04/2014 22:10,0,0
04/04/2014 22:15,0,0
04/04/2014 22:20,0,0
04/04/2014 22:25,0,0
04/04/2014 22:30,0,0
04/04/2014 22:35,0,0
04/04/2014 22:40,0,0
04/04/2014 22:45,0,0
04/04/2014 22:50,0,0
04/04/2014 22:55,0,0
04/04/2014 23:00,0,0
04/04/2014 23:05,0,0
04/04/2014 23:10,19990100,0
04/04/2014 23:15,46622300,0
04/04/2014 23:20,435469000,0
04/04/2014 23:25,36456900,0
04/04/2014 23:30,2179890,0
04/04/2014 23:35,0,0
04/04/2014 23:40,0,0
04/04/2014 23:45,0,0
04/04/2014 23:50,0,0
04/04/2014 23:55,0,0
05/04/2014 00:00,0,0
05/04/2014 00:05,0,0
05/04/2014 00:10,0,0
05/04/2014 00:15,0,0
05/04/2014 00:20,0,0
05/04/2014 00:25,0,0
05/04/2014 00:30,0,0
05/04/2014 00:35,0,0
05/04/2014 00:40,0,0
05/04/2014 00:45,0,0
05/04/2014 00:50,0,0
05/04/2014 00:55,0,0
05/04/2014 01:00,0,0
05/04/2014 01:05,0,0
05/04/2014 01:10,0,0
05/04/2014 01:15,0,0
05/04/2014 01:20,0,0
05/04/2014 01:25,0,0
05/04/2014 01:30,0,0
05/04/2014 01:35,0,0
05/04/2014 01:40,0,0
05/04/2014 01:45,0,0
05/04/2014 01:50,0,0
05/04/2014 01:55,0,0
05/04/2014 02:00,0,0
05/04/2014 02:05,0,0
05/04/2014 02:10,0,0
05/04/2014 02:15,0,0
05/04/2014 02:20,0,0
05/04/2014 02:25,0,0
05/04/2014 02:30,0,0
05/04/2014 02:35,0,0
05/04/2014 02:40,0,0
05/04/2014 02:45,0,0
05/04/2014 02:50,0,0
05/04/2014 02:55,0,0
05/04/2014 03:00,0,0
05/04/2014 03:05,0,0
05/04/2014 03:10,0,0
05/04/2014 03:15,0,0
05/04/2014 03:20,0,0
05/04/2014 03:25,0,0
05/04/2014 03:30,0,0
05/04/2014 03:35,0,0
05/04/2014 03:40,0,0
05/04/2014 03:45,0,0
05/04/2014 03:50,0,0
05/04/2014 03:55,0,0
05/04/2014 04:00,0,0
05/04/2014 04:05,0,0
05/04/2014 04:10,0,0
05/04/2014 04:15,0,0
05/04/2014 04:20,0,0
05/04/2014 04:25,0,0
05/04/2014 04:30,0,0
05/04/2014 04:35,0,0
05/04/2014 04:40,0,0
05/04/2014 04:45,0,0
05/04/2014 04:50,0,0
05/04/2014 04:55,0,0
05/04/2014 05:00,0,0
05/04/2014 05:05,0,0
05/04/2014 05:10,0,0
05/04/2014 05:15,0,0
05/04/2014 05:20,0,0
05/04/2014 05:25,1282870,0
05/04/2014 05:30,49843400,0
05/04/2014 05:35,448507000,0
05/04/2014 05:40,35994800,0
05/04/2014 05:45,2714830,0
05/04/2014 05:50,0,0
05/04/2014 05:55,0,0
05/04/2014 06:00,0,0
05/04/2014 06:05,0,0
05/04/2014 06:10,0,0
05/04/2014 06:15,0,0
05/04/2014 06:20,0,0
05/04/2014 06:25,0,0
05/04/2014 06:30,0,0
05/04/2014 06:35,0,0
05/04/2014 06:40,0,0
05/04/2014 06:45,0,0
05/04/2014 06:50,0,0
05/04/2014 06:55,0,0
05/04/2014 07:00,0,0
05/04/2014 07:05,0,0
05/04/2014 07:10,0,0
05/04/2014 07:15,0,0
05/04/2014 07:20,0,0
05/04/2014 07:25,0,0
05/04/2014 07:30,0,0
05/04/2014 07:35,0,0
05/04/2014 07:40,0,0
05/04/2014 07:45,0,0
05/04/2014 07:50,0,0
05/04/2014 07:55,0,0
05/04/2014 08:00,0,0
05/04/2014 08:05,0,0
05/04/2014 08:10,0,0
05/04/2014 08:15,0,0
05/04/2014 08:20,0,0
05/04/2014 08:25,0,0
05/04/2014 08:30,0,0
05/04/2014 08:35,0,0
05/04/2014 08:40,0,0
05/04/2014 08:45,0,0
05/04/2014 08:50,0,0
05/04/2014 08:55,0,0
05/04/2014 09:00,0,0
05/04/2014 09:05,0,0
05/04/2014 09:10,0,0
05/04/2014 09:15,0,0
05/04/2014 09:20,0,0
05/04/2014 09:25,0,0
05/04/2014 09:30,0,0
05/04/2014 09:35,0,0
05/04/2014 09:40,0,0
05/04/2014 09:45,0,0
05/04/2014 09:50,0,0
05/04/2014 09:55,0,0
05/04/2014 10:00,0,0
05/04/2014 10:05,0,0
05/04/2014 10:10,0,0
05/04/2014 10:15,0,0
05/04/2014 10:20,0,0
05/04/2014 10:25,0,0
05/04/2014 10:30,0,0
05/04/2014 10:35,0,0
05/04/2014 10:40,0,0
05/04/2014 10:45,0,0
05/04/2014 10:50,0,0
05/04/2014 10:55,0,0
05/04/2014 11:00,0,0
05/04/2014 11:05,0,0
05/04/2014 11:10,0,0
05/04/2014 11:15,0,0
05/04/2014 11:20,0,0
05/04/2014 11:25,0,0
05/04/2014 11:30,0,0
05/04/2014 11:35,0,0
05/04/2014 11:40,0,0
05/04/2014 11:45,0,0
05/04/2014 11:50,0,0
05/04/2014 11:55,0,0
05/04/2014 12:00,0,0
05/04/2014 12:05,0,0
05/04/2014 12:10,0,0
05/04/2014 12:15,0,0
05/04/2014 12:20,0,0
05/04/2014 12:25,0,0
05/04/2014 12:30,0,0
05/04/2014 12:35,0,0
05/04/2014 12:40,0,0
05/04/2014 12:45,0,0
05/04/2014 12:50,0,0
05/04/2014 12:55,0,0
05/04/2014 13:00,0,0
05/04/2014 13:05,0,0
05/04/2014 13:10,0,0
05/04/2014 13:15,0,0
05/04/2014 13:20,0,0
05/04/2014 13:25,0,0
05/04/2014 13:30,0,0
05/04/2014 13:35,0,0
05/04/2014 13:40,0,0
05/04/2014 13:45,0,0
05/04/2014 13:50,0,0
05/04/2014 13:55,0,0
05/04/2014 14:00,0,0
05/04/2014 14:05,0,0
05/04/2014 14:10,0,0
05/04/2014 14:15,0,0
05/04/2014 14:20,0,0
05/04/2014 14:25,0,0
05/04/2014 14:30,0,0
05/04/2014 14:35,0,0
05/04/2014 14:40,0,0
05/04/2014 14:45,0,0
05/04/2014 14:50,0,0
05/04/2014 14:55,0,0
05/04/2014 15:00,0,0
05/04/2014 15:05,0,0
05/04/2014 15:10,0,0
05/04/2014 15:15,0,0
05/04/2014 15:20,0,0
05/04/2014 15:25,0,0
05/04/2014 15:30,0,0
05/04/2014 15:35,0,0
05/04/2014 15:40,0,0
05/04/2014 15:45,0,0
05/04/2014 15:50,0,0
05/04/2014 15:55,0,0
05/04/2014 16:00,0,0
05/04/2014 16:05,0,0
05/04/2014 16:10,0,0
05/04/2014 16:15,0,0
05/04/2014 16:20,0,0
05/04/2014 16:25,0,0
05/04/2014 16:30,0,0
05/04/2014 16:35,0,0
05/04/2014 16:40,0,0
05/04/2014 16:45,36769000,0
05/04/2014 16:50,369698000,0
05/04/2014 16:55,97429900,0
05/04/2014 17:00,35764600,0
05/04/2014 17:05,26214.4,0
05/04/2014 17:10,0,0
05/04/2014 17:15,0,0
05/04/2014 17:20,0,0
05/04/2014 17:25,0,0
05/04/2014 17:30,0,0
05/04/2014 17:35,0,0
05/04/2014 17:40,0,0
05/04/2014 17:45,0,0
05/04/2014 17:50,0,0
05/04/2014 17:55,0,0
05/04/2014 18:00,0,0
05/04/2014 18:05,0,0
05/04/2014 18:10,0,0
05/04/2014 18:15,0,0
05/04/2014 18:20,0,0
05/04/2014 18:25,0,0
05/04/2014 18:30,0,0
05/04/2014 18:35,0,0
05/04/2014 18:40,0,0
05/04/2014 18:45,0,0
05/04/2014 18:50,0,0
05/04/2014 18:55,0,0
05/04/2014 19:00,0,0
05/04/2014 19:05,0,0
05/04/2014 19:10,0,0
05/04/2014 19:15,0,0
05/04/2014 19:20,0,0
05/04/2014 19:25,0,0
05/04/2014 19:30,0,0
05/04/2014 19:35,0,0
05/04/2014 19:40,0,0
05/04/2014 19:45,0,0
05/04/2014 19:50,0,0
05/04/2014 19:55,0,0
05/04/2014 20:00,0,0
05/04/2014 20:05,0,0
05/04/2014 20:10,0,0
05/04/2014 20:15,0,0
05/04/2014 20:20,0,0
05/04/2014 20:25,0,0
05/04/2014 20:30,0,0
05/04/2014 20:35,0,0
05/04/2014 20:40,0,0
05/04/2014 20:45,0,0
05/04/2014 20:50,0,0
05/04/2014 20:55,0,0
05/04/2014 21:00,0,0
05/04/2014 21:05,0,0
05/04/2014 21:10,0,0
05/04/2014 21:15,0,0
05/04/2014 21:20,0,0
05/04/2014 21:25,0,0
05/04/2014 21:30,0,0
05/04/2014 21:35,0,0
05/04/2014 21:40,0,0
05/04/2014 21:45,0,0
05/04/2014 21:50,0,0
05/04/2014 21:55,0,0
05/04/2014 22:00,20049900,0
05/04/2014 22:05,193439000,0
05/04/2014 22:10,285601000,0
05/04/2014 22:15,38732600,0
05/04/2014 22:20,65536,0
05/04/2014 22:25,0,0
05/04/2014 22:30,0,0
05/04/2014 22:35,0,0
05/04/2014 22:40,0,0
05/04/2014 22:45,0,0
05/04/2014 22:50,0,0
05/04/2014 22:55,0,0
05/04/2014 23:00,19981100,0
05/04/2014 23:05,51109900,0
05/04/2014 23:10,428333000,0
05/04/2014 23:15,36464200,0
05/04/2014 23:20,2248700,0
05/04/2014 23:25,0,0
05/04/2014 23:30,0,0
05/04/2014 23:35,0,0
05/04/2014 23:40,0,0
05/04/2014 23:45,0,0
05/04/2014 23:50,0,0
05/04/2014 23:55,0,0
06/04/2014 00:00,0,0
06/04/2014 00:05,0,0
06/04/2014 00:10,0,0
06/04/2014 00:15,0,0
06/04/2014 00:20,0,0
06/04/2014 00:25,0,0
06/04/2014 00:30,20667600,0
06/04/2014 00:35,194924000,0
06/04/2014 00:40,286926000,0
06/04/2014 00:45,36791100,0
06/04/2014 00:50,2025880,0
06/04/2014 00:55,0,0
06/04/2014 01:00,0,0
06/04/2014 01:05,0,0
06/04/2014 01:10,0,0
06/04/2014 01:15,0,0
06/04/2014 01:20,0,0
06/04/2014 01:25,0,0
06/04/2014 01:30,0,0
06/04/2014 01:35,0,0
06/04/2014 01:40,0,0
06/04/2014 01:45,0,0
06/04/2014 01:50,0,0
06/04/2014 01:55,0,0
06/04/2014 02:00,0,0
06/04/2014 02:05,0,0
06/04/2014 02:10,0,0
06/04/2014 02:15,0,0
06/04/2014 02:20,0,0
06/04/2014 02:25,0,0
06/04/2014 02:30,0,0
06/04/2014 02:35,0,0
06/04/2014 02:40,0,0
06/04/2014 02:45,0,0
06/04/2014 02:50,0,0
06/04/2014 02:55,0,0
06/04/2014 03:00,0,0
06/04/2014 03:05,0,0
06/04/2014 03:10,0,0
06/04/2014 03:15,0,0
06/04/2014 03:20,0,0
06/04/2014 03:25,0,0
06/04/2014 03:30,0,0
06/04/2014 03:35,0,0
06/04/2014 03:40,0,0
06/04/2014 03:45,0,0
06/04/2014 03:50,0,0
06/04/2014 03:55,0,0
06/04/2014 04:00,0,0
06/04/2014 04:05,0,0
06/04/2014 04:10,0,0
06/04/2014 04:15,0,0
06/04/2014 04:20,0,0
06/04/2014 04:25,0,0
06/04/2014 04:30,0,0
06/04/2014 04:35,0,0
06/04/2014 04:40,0,0
06/04/2014 04:45,0,0
06/04/2014 04:50,0,0
06/04/2014 04:55,0,0
06/04/2014 05:00,0,0
06/04/2014 05:05,0,0
06/04/2014 05:10,0,0
06/04/2014 05:15,0,0
06/04/2014 05:20,0,0
06/04/2014 05:25,0,0
06/04/2014 05:30,0,0
06/04/2014 05:35,0,0
06/04/2014 05:40,0,0
06/04/2014 05:45,36278300,0
06/04/2014 05:50,362708000,0
06/04/2014 05:55,103990000,0
06/04/2014 06:00,35487700,0
06/04/2014 06:05,27033.6,0
06/04/2014 06:10,0,0
06/04/2014 06:15,0,0
06/04/2014 06:20,0,0
06/04/2014 06:25,0,0
06/04/2014 06:30,0,0
06/04/2014 06:35,0,0
06/04/2014 06:40,0,0
06/04/2014 06:45,0,0
06/04/2014 06:50,0,0
06/04/2014 06:55,0,0
06/04/2014 07:00,0,0
06/04/2014 07:05,0,0
06/04/2014 07:10,0,0
06/04/2014 07:15,0,0
06/04/2014 07:20,0,0
06/04/2014 07:25,0,0
06/04/2014 07:30,0,0
06/04/2014 07:35,0,0
06/04/2014 07:40,0,0
06/04/2014 07:45,0,0
06/04/2014 07:50,0,0
06/04/2014 07:55,0,0
06/04/2014 08:00,0,0
06/04/2014 08:05,0,0
06/04/2014 08:10,0,0
06/04/2014 08:15,0,0
06/04/2014 08:20,0,0
06/04/2014 08:25,0,0
06/04/2014 08:30,0,0
06/04/2014 08:35,0,0
06/04/2014 08:40,0,0
06/04/2014 08:45,0,0
06/04/2014 08:50,0,0
06/04/2014 08:55,0,0
06/04/2014 09:00,0,0
06/04/2014 09:05,0,0
06/04/2014 09:10,0,0
06/04/2014 09:15,0,0
06/04/2014 09:20,0,0
06/04/2014 09:25,0,0
06/04/2014 09:30,0,0
06/04/2014 09:35,0,0
06/04/2014 09:40,0,0
06/04/2014 09:45,0,0
06/04/2014 09:50,0,0
06/04/2014 09:55,0,0
06/04/2014 10:00,0,0
06/04/2014 10:05,0,0
06/04/2014 10:10,0,0
06/04/2014 10:15,0,0
06/04/2014 10:20,0,0
06/04/2014 10:25,0,0
06/04/2014 10:30,0,0
06/04/2014 10:35,0,0
06/04/2014 10:40,0,0
06/04/2014 10:45,0,0
06/04/2014 10:50,0,0
06/04/2014 10:55,0,0
06/04/2014 11:00,0,0
06/04/2014 11:05,0,0
06/04/2014 11:10,0,0
06/04/2014 11:15,0,0
06/04/2014 11:20,0,0
06/04/2014 11:25,0,0
06/04/2014 11:30,0,0
06/04/2014 11:35,0,0
06/04/2014 11:40,0,0
06/04/2014 11:45,0,0
06/04/2014 11:50,0,0
06/04/2014 11:55,0,0
06/04/2014 12:00,0,0
06/04/2014 12:05,0,0
06/04/2014 12:10,0,0
06/04/2014 12:15,0,0
06/04/2014 12:20,0,0
06/04/2014 12:25,0,0
06/04/2014 12:30,0,0
06/04/2014 12:35,0,0
06/04/2014 12:40,0,0
06/04/2014 12:45,0,0
06/04/2014 12:50,0,0
06/04/2014 12:55,0,0
06/04/2014 13:00,0,0
06/04/2014 13:05,0,0
06/04/2014 13:10,0,0
06/04/2014 13:15,0,0
06/04/2014 13:20,0,0
06/04/2014 13:25,0,0
06/04/2014 13:30,0,0
06/04/2014 13:35,0,0
06/04/2014 13:40,0,0
06/04/2014 13:45,0,0
06/04/2014 13:50,0,0
06/04/2014 13:55,0,0
06/04/2014 14:00,0,0
06/04/2014 14:05,0,0
06/04/2014 14:10,0,0
06/04/2014 14:15,0,0
06/04/2014 14:20,0,0
06/04/2014 14:25,0,0
06/04/2014 14:30,0,0
06/04/2014 14:35,0,0
06/04/2014 14:40,0,0
06/04/2014 14:45,0,0
06/04/2014 14:50,0,0
06/04/2014 14:55,0,0
06/04/2014 15:00,0,0
06/04/2014 15:05,0,0
06/04/2014 15:10,0,0
06/04/2014 15:15,0,0
06/04/2014 15:20,0,0
06/04/2014 15:25,0,0
06/04/2014 15:30,0,0
06/04/2014 15:35,0,0
06/04/2014 15:40,0,0
06/04/2014 15:45,0,0
06/04/2014 15:50,0,0
06/04/2014 15:55,0,0
06/04/2014 16:00,0,0
06/04/2014 16:05,0,0
06/04/2014 16:10,0,0
06/04/2014 16:15,0,0
06/04/2014 16:20,0,0
06/04/2014 16:25,0,0
06/04/2014 16:30,0,0
06/04/2014 16:35,0,0
06/04/2014 16:40,0,0
06/04/2014 16:45,0,0
06/04/2014 16:50,0,0
06/04/2014 16:55,0,0
06/04/2014 17:00,0,0
06/04/2014 17:05,0,0
06/04/2014 17:10,0,0
06/04/2014 17:15,0,0
06/04/2014 17:20,0,0
06/04/2014 17:25,0,0
06/04/2014 17:30,0,0
06/04/2014 17:35,0,0
06/04/2014 17:40,0,0
06/04/2014 17:45,0,0
06/04/2014 17:50,0,0
06/04/2014 17:55,0,0
06/04/2014 18:00,0,0
06/04/2014 18:05,0,0
06/04/2014 18:10,0,0
06/04/2014 18:15,0,0
06/04/2014 18:20,0,0
06/04/2014 18:25,0,0
06/04/2014 18:30,0,0
06/04/2014 18:35,0,0
06/04/2014 18:40,0,0
06/04/2014 18:45,0,0
06/04/2014 18:50,0,0
06/04/2014 18:55,0,0
06/04/2014 19:00,0,0
06/04/2014 19:05,0,0
06/04/2014 19:10,0,0
06/04/2014 19:15,0,0
06/04/2014 19:20,0,0
06/04/2014 19:25,0,0
06/04/2014 19:30,0,0
06/04/2014 19:35,0,0
06/04/2014 19:40,0,0
06/04/2014 19:45,0,0
06/04/2014 19:50,0,0
06/04/2014 19:55,0,0
06/04/2014 20:00,0,0
06/04/2014 20:05,0,0
06/04/2014 20:10,0,0
06/04/2014 20:15,0,0
06/04/2014 20:20,0,0
06/04/2014 20:25,0,0
06/04/2014 20:30,0,0
06/04/2014 20:35,0,0
06/04/2014 20:40,0,0
06/04/2014 20:45,0,0
06/04/2014 20:50,0,0
06/04/2014 20:55,0,0
06/04/2014 21:00,0,0
06/04/2014 21:05,0,0
06/04/2014 21:10,0,0
06/04/2014 21:15,0,0
06/04/2014 21:20,0,0
06/04/2014 21:25,0,0
06/04/2014 21:30,0,0
06/04/2014 21:35,0,0
06/04/2014 21:40,0,0
06/04/2014 21:45,0,0
06/04/2014 21:50,0,0
06/04/2014 21:55,0,0
06/04/2014 22:00,0,0
06/04/2014 22:05,0,0
06/04/2014 22:10,0,0
06/04/2014 22:15,0,0
06/04/2014 22:20,0,0
06/04/2014 22:25,0,0
06/04/2014 22:30,0,0
06/04/2014 22:35,0,0
06/04/2014 22:40,0,0
06/04/2014 22:45,0,0
06/04/2014 22:50,0,0
06/04/2014 22:55,0,0
06/04/2014 23:00,0,0
06/04/2014 23:05,0,0
06/04/2014 23:10,0,0
06/04/2014 23:15,0,0
06/04/2014 23:20,0,0
06/04/2014 23:25,0,0
06/04/2014 23:30,0,0
06/04/2014 23:35,0,0
06/04/2014 23:40,0,0
06/04/2014 23:45,0,0
06/04/2014 23:50,0,0
06/04/2014 23:55,0,0
07/04/2014 00:00,0,0
07/04/2014 00:05,0,0
07/04/2014 00:10,0,0
07/04/2014 00:15,0,0
07/04/2014 00:20,0,0
07/04/2014 00:25,0,0
07/04/2014 00:30,0,0
07/04/2014 00:35,0,0
07/04/2014 00:40,0,0
07/04/2014 00:45,0,0
07/04/2014 00:50,0,0
07/04/2014 00:55,0,0
07/04/2014 01:00,0,0
07/04/2014 01:05,0,0
07/04/2014 01:10,0,0
07/04/2014 01:15,0,0
07/04/2014 01:20,0,0
07/04/2014 01:25,0,0
07/04/2014 01:30,0,0
07/04/2014 01:35,0,0
07/04/2014 01:40,0,0
07/04/2014 01:45,0,0
07/04/2014 01:50,0,0
07/04/2014 01:55,0,0
07/04/2014 02:00,0,0
07/04/2014 02:05,0,0
07/04/2014 02:10,0,0
07/04/2014 02:15,0,0
07/04/2014 02:20,0,0
07/04/2014 02:25,0,0
07/04/2014 02:30,0,0
07/04/2014 02:35,0,0
07/04/2014 02:40,0,0
07/04/2014 02:45,0,0
07/04/2014 02:50,0,0
07/04/2014 02:55,0,0
07/04/2014 03:00,0,0
07/04/2014 03:05,0,0
07/04/2014 03:10,0,0
07/04/2014 03:15,0,0
07/04/2014 03:20,0,0
07/04/2014 03:25,0,0
07/04/2014 03:30,0,0
07/04/2014 03:35,0,0
07/04/2014 03:40,0,0
07/04/2014 03:45,0,0
07/04/2014 03:50,0,0
07/04/2014 03:55,0,0
07/04/2014 04:00,20099900,0
07/04/2014 04:05,46516600,0
07/04/2014 04:10,434555000,0
07/04/2014 04:15,36407700,0
07/04/2014 04:20,2531330,0
07/04/2014 04:25,0,0
07/04/2014 04:30,0,0
07/04/2014 04:35,0,0
07/04/2014 04:40,0,0
07/04/2014 04:45,0,0
07/04/2014 04:50,0,0
07/04/2014 04:55,0,0
07/04/2014 05:00,0,0
07/04/2014 05:05,0,0
07/04/2014 05:10,0,0
07/04/2014 05:15,0,0
07/04/2014 05:20,0,0
07/04/2014 05:25,0,0
07/04/2014 05:30,0,0
07/04/2014 05:35,0,0
07/04/2014 05:40,0,0
07/04/2014 05:45,0,0
07/04/2014 05:50,0,0
07/04/2014 05:55,0,0
07/04/2014 06:00,0,0
07/04/2014 06:05,0,0
07/04/2014 06:10,0,0
07/04/2014 06:15,0,0
07/04/2014 06:20,0,0
07/04/2014 06:25,0,0
07/04/2014 06:30,0,0
07/04/2014 06:35,0,0
07/04/2014 06:40,0,0
07/04/2014 06:45,0,0
07/04/2014 06:50,0,0
07/04/2014 06:55,0,0
07/04/2014 07:00,0,0
07/04/2014 07:05,0,0
07/04/2014 07:10,0,0
07/04/2014 07:15,0,0
07/04/2014 07:20,0,0
07/04/2014 07:25,0,0
07/04/2014 07:30,0,0
07/04/2014 07:35,0,0
07/04/2014 07:40,0,0
07/04/2014 07:45,0,0
07/04/2014 07:50,0,0
07/04/2014 07:55,0,0
07/04/2014 08:00,2497740,0
07/04/2014 08:05,1908740,0
07/04/2014 08:10,0,0
07/04/2014 08:15,0,0
07/04/2014 08:20,0,0
07/04/2014 08:25,0,0
07/04/2014 08:30,0,0
07/04/2014 08:35,0,0
07/04/2014 08:40,0,0
07/04/2014 08:45,0,0
07/04/2014 08:50,0,0
07/04/2014 08:55,0,0
07/04/2014 09:00,0,0
07/04/2014 09:05,0,0
07/04/2014 09:10,0,0
07/04/2014 09:15,0,0
07/04/2014 09:20,0,0
07/04/2014 09:25,0,0
07/04/2014 09:30,0,0
07/04/2014 09:35,0,0
07/04/2014 09:40,0,0
07/04/2014 09:45,0,0
07/04/2014 09:50,0,0
07/04/2014 09:55,0,0
07/04/2014 10:00,0,0
07/04/2014 10:05,0,0
07/04/2014 10:10,0,0
07/04/2014 10:15,0,0
07/04/2014 10:20,0,0
07/04/2014 10:25,0,0
07/04/2014 10:30,0,0
07/04/2014 10:35,3276.8,0
07/04/2014 10:40,0,0
07/04/2014 10:45,0,0
07/04/2014 10:50,0,0
07/04/2014 10:55,0,0
07/04/2014 11:00,0,0
07/04/2014 11:05,0,0
07/04/2014 11:10,0,0
07/04/2014 11:15,19660.8,0
07/04/2014 11:20,14745.6,0
07/04/2014 11:25,0,0
07/04/2014 11:30,0,0
07/04/2014 11:35,0,0
07/04/2014 11:40,0,0
07/04/2014 11:45,0,0
07/04/2014 11:50,0,0
07/04/2014 11:55,0,0
07/04/2014 12:00,0,0
07/04/2014 12:05,0,0
07/04/2014 12:10,0,0
07/04/2014 12:15,0,0
07/04/2014 12:20,0,0
07/04/2014 12:25,0,0
07/04/2014 12:30,0,0
07/04/2014 12:35,0,0
07/04/2014 12:40,0,0
07/04/2014 12:45,0,0
07/04/2014 12:50,0,0
07/04/2014 12:55,0,0
07/04/2014 13:00,0,0
07/04/2014 13:05,0,0
07/04/2014 13:10,0,0
07/04/2014 13:15,0,0
07/04/2014 13:20,0,0
07/04/2014 13:25,0,0
07/04/2014 13:30,0,0
07/04/2014 13:35,0,0
07/04/2014 13:40,0,0
07/04/2014 13:45,0,0
07/04/2014 13:50,0,0
07/04/2014 13:55,0,0
07/04/2014 14:00,0,0
07/04/2014 14:05,0,0
07/04/2014 14:10,0,0
07/04/2014 14:15,0,0
07/04/2014 14:20,0,0
07/04/2014 14:25,0,0
07/04/2014 14:30,0,0
07/04/2014 14:35,0,0
07/04/2014 14:40,0,0
07/04/2014 14:45,0,0
07/04/2014 14:50,0,0
07/04/2014 14:55,0,0
07/04/2014 15:00,0,0
07/04/2014 15:05,0,0
07/04/2014 15:10,0,0
07/04/2014 15:15,0,0
07/04/2014 15:20,0,0
07/04/2014 15:25,0,0
07/04/2014 15:30,0,0
07/04/2014 15:35,0,0
07/04/2014 15:40,36609200,0
07/04/2014 15:45,375469000,0
07/04/2014 15:50,119416000,0
07/04/2014 15:55,6939440,0
07/04/2014 16:00,27033.6,0
07/04/2014 16:05,0,0
07/04/2014 16:10,0,0
07/04/2014 16:15,0,0
07/04/2014 16:20,0,0
07/04/2014 16:25,0,0
07/04/2014 16:30,0,0
07/04/2014 16:35,0,0
07/04/2014 16:40,0,0
07/04/2014 16:45,0,0
07/04/2014 16:50,0,0
07/04/2014 16:55,0,0
07/04/2014 17:00,0,0
07/04/2014 17:05,0,0
07/04/2014 17:10,0,0
07/04/2014 17:15,0,0
07/04/2014 17:20,0,0
07/04/2014 17:25,0,0
07/04/2014 17:30,0,0
07/04/2014 17:35,0,0
07/04/2014 17:40,19705000,0
07/04/2014 17:45,45946500,0
07/04/2014 17:50,433784000,0
07/04/2014 17:55,36100500,0
07/04/2014 18:00,2277380,0
07/04/2014 18:05,0,0
07/04/2014 18:10,0,0
07/04/2014 18:15,0,0
07/04/2014 18:20,0,0
07/04/2014 18:25,0,0
07/04/2014 18:30,0,0
07/04/2014 18:35,0,0
07/04/2014 18:40,0,0
07/04/2014 18:45,0,0
07/04/2014 18:50,0,0
07/04/2014 18:55,0,0
07/04/2014 19:00,11454100,0
07/04/2014 19:05,39601800,0
07/04/2014 19:10,447604000,0
07/04/2014 19:15,35781000,0
07/04/2014 19:20,2651750,0
07/04/2014 19:25,0,0
07/04/2014 19:30,0,0
07/04/2014 19:35,0,0
07/04/2014 19:40,0,0
07/04/2014 19:45,0,0
07/04/2014 19:50,0,0
07/04/2014 19:55,0,0
07/04/2014 20:00,0,0
07/04/2014 20:05,0,0
07/04/2014 20:10,0,0
07/04/2014 20:15,0,0
07/04/2014 20:20,0,0
07/04/2014 20:25,0,0
07/04/2014 20:30,0,0
07/04/2014 20:35,0,0
07/04/2014 20:40,0,0
07/04/2014 20:45,0,0
07/04/2014 20:50,0,0
07/04/2014 20:55,0,0
07/04/2014 21:00,0,0
07/04/2014 21:05,0,0
07/04/2014 21:10,0,0
07/04/2014 21:15,0,0
07/04/2014 21:20,0,0
07/04/2014 21:25,0,0
07/04/2014 21:30,0,0
07/04/2014 21:35,0,0
07/04/2014 21:40,0,0
07/04/2014 21:45,0,0
07/04/2014 21:50,0,0
07/04/2014 21:55,0,0
07/04/2014 22:00,0,0
07/04/2014 22:05,0,0
07/04/2014 22:10,0,0
07/04/2014 22:15,0,0
07/04/2014 22:20,0,0
07/04/2014 22:25,0,0
07/04/2014 22:30,0,0
07/04/2014 22:35,0,0
07/04/2014 22:40,0,0
07/04/2014 22:45,101581,0
07/04/2014 22:50,3276.8,0
07/04/2014 22:55,1191120,0
07/04/2014 23:00,0,0
07/04/2014 23:05,3276.8,0
07/04/2014 23:10,0,0
07/04/2014 23:15,0,0
07/04/2014 23:20,0,0
07/04/2014 23:25,0,0
07/04/2014 23:30,0,0
07/04/2014 23:35,0,0
07/04/2014 23:40,0,0
07/04/2014 23:45,0,0
07/04/2014 23:50,0,0
07/04/2014 23:55,0,0
08/04/2014 00:00,0,0
08/04/2014 00:05,0,0
08/04/2014 00:10,0,0
08/04/2014 00:15,0,0
08/04/2014 00:20,0,0
08/04/2014 00:25,0,0
08/04/2014 00:30,0,0
08/04/2014 00:35,0,0
08/04/2014 00:40,0,0
08/04/2014 00:45,0,0
08/04/2014 00:50,0,0
08/04/2014 00:55,0,0
08/04/2014 01:00,0,0
08/04/2014 01:05,0,0
08/04/2014 01:10,0,0
08/04/2014 01:15,0,0
08/04/2014 01:20,0,0
08/04/2014 01:25,0,0
08/04/2014 01:30,0,0
08/04/2014 01:35,0,0
08/04/2014 01:40,0,0
08/04/2014 01:45,0,0
08/04/2014 01:50,0,0
08/04/2014 01:55,0,0
08/04/2014 02:00,0,0
08/04/2014 02:05,0,0
08/04/2014 02:10,0,0
08/04/2014 02:15,0,0
08/04/2014 02:20,0,0
08/04/2014 02:25,0,0
08/04/2014 02:30,0,0
08/04/2014 02:35,0,0
08/04/2014 02:40,0,0
08/04/2014 02:45,0,0
08/04/2014 02:50,0,0
08/04/2014 02:55,0,0
08/04/2014 03:00,0,0
08/04/2014 03:05,0,0
08/04/2014 03:10,0,0
08/04/2014 03:15,0,0
08/04/2014 03:20,0,0
08/04/2014 03:25,0,0
08/04/2014 03:30,0,0
08/04/2014 03:35,0,0
08/04/2014 03:40,0,0
08/04/2014 03:45,0,0
08/04/2014 03:50,0,0
08/04/2014 03:55,0,0
08/04/2014 04:00,0,0
08/04/2014 04:05,0,0
08/04/2014 04:10,0,0
08/04/2014 04:15,0,0
08/04/2014 04:20,0,0
08/04/2014 04:25,0,0
08/04/2014 04:30,0,0
08/04/2014 04:35,0,0
08/04/2014 04:40,0,0
08/04/2014 04:45,0,0
08/04/2014 04:50,0,0
08/04/2014 04:55,0,0
08/04/2014 05:00,0,0
08/04/2014 05:05,0,0
08/04/2014 05:10,0,0
08/04/2014 05:15,0,0
08/04/2014 05:20,0,0
08/04/2014 05:25,0,0
08/04/2014 05:30,0,0
08/04/2014 05:35,0,0
08/04/2014 05:40,0,0
08/04/2014 05:45,0,0
08/04/2014 05:50,0,0
08/04/2014 05:55,0,0
08/04/2014 06:00,0,0
08/04/2014 06:05,0,0
08/04/2014 06:10,0,0
08/04/2014 06:15,0,0
08/04/2014 06:20,0,0
08/04/2014 06:25,0,0
08/04/2014 06:30,22118.4,0
08/04/2014 06:35,66355.2,0
08/04/2014 06:40,0,0
08/04/2014 06:45,0,0
08/04/2014 06:50,0,0
08/04/2014 06:55,0,0
08/04/2014 07:00,0,0
08/04/2014 07:05,0,0
08/04/2014 07:10,0,0
08/04/2014 07:15,0,0
08/04/2014 07:20,0,0
08/04/2014 07:25,0,0
08/04/2014 07:30,0,0
08/04/2014 07:35,0,0
08/04/2014 07:40,0,0
08/04/2014 07:45,0,0
08/04/2014 07:50,0,0
08/04/2014 07:55,19660.8,0
08/04/2014 08:00,80281.6,0
08/04/2014 08:05,0,0
08/04/2014 08:10,0,0
08/04/2014 08:15,0,0
08/04/2014 08:20,0,0
08/04/2014 08:25,0,0
08/04/2014 08:30,0,0
08/04/2014 08:35,0,0
08/04/2014 08:40,0,0
08/04/2014 08:45,27033.6,0
08/04/2014 08:50,0,0
08/04/2014 08:55,0,0
08/04/2014 09:00,0,0
08/04/2014 09:05,0,0
08/04/2014 09:10,0,0
08/04/2014 09:15,0,0
08/04/2014 09:20,0,0
08/04/2014 09:25,0,0
08/04/2014 09:30,0,0
08/04/2014 09:35,0,0
08/04/2014 09:40,0,0
08/04/2014 09:45,0,0
08/04/2014 09:50,0,0
08/04/2014 09:55,0,0
08/04/2014 10:00,0,0
08/04/2014 10:05,0,0
08/04/2014 10:10,0,0
08/04/2014 10:15,0,0
08/04/2014 10:20,0,0
08/04/2014 10:25,0,0
08/04/2014 10:30,0,0
08/04/2014 10:35,0,0
08/04/2014 10:40,0,0
08/04/2014 10:45,0,0
08/04/2014 10:50,0,0
08/04/2014 10:55,0,0
08/04/2014 11:00,0,0
08/04/2014 11:05,0,0
08/04/2014 11:10,0,0
08/04/2014 11:15,0,0
08/04/2014 11:20,0,0
08/04/2014 11:25,0,0
08/04/2014 11:30,0,0
08/04/2014 11:35,0,0
08/04/2014 11:40,0,0
08/04/2014 11:45,0,0
08/04/2014 11:50,0,0
08/04/2014 11:55,0,0
08/04/2014 12:00,0,0
08/04/2014 12:05,0,0
08/04/2014 12:10,0,0
08/04/2014 12:15,0,0
08/04/2014 12:20,0,0
08/04/2014 12:25,0,0
08/04/2014 12:30,0,0
08/04/2014 12:35,0,0
08/04/2014 12:40,0,0
08/04/2014 12:45,0,0
08/04/2014 12:50,0,0
08/04/2014 12:55,0,0
08/04/2014 13:00,0,0
08/04/2014 13:05,0,0
08/04/2014 13:10,0,0
08/04/2014 13:15,0,0
08/04/2014 13:20,0,0
08/04/2014 13:25,0,0
08/04/2014 13:30,0,0
08/04/2014 13:35,0,0
08/04/2014 13:40,0,0
08/04/2014 13:45,0,0
08/04/2014 13:50,0,0
08/04/2014 13:55,0,0
08/04/2014 14:00,0,0
08/04/2014 14:05,0,0
08/04/2014 14:10,0,0
08/04/2014 14:15,0,0
08/04/2014 14:20,0,0
08/04/2014 14:25,0,0
08/04/2014 14:30,0,0
08/04/2014 14:35,0,0
08/04/2014 14:40,0,0
08/04/2014 14:45,0,0
08/04/2014 14:50,0,0
08/04/2014 14:55,0,0
08/04/2014 15:00,0,0
08/04/2014 15:05,0,0
08/04/2014 15:10,0,0
08/04/2014 15:15,0,0
08/04/2014 15:20,0,0
08/04/2014 15:25,0,0
08/04/2014 15:30,0,0
08/04/2014 15:35,0,0
08/04/2014 15:40,0,0
08/04/2014 15:45,0,0
08/04/2014 15:50,0,0
08/04/2014 15:55,0,0
08/04/2014 16:00,0,0
08/04/2014 16:05,0,0
08/04/2014 16:10,0,0
08/04/2014 16:15,0,0
08/04/2014 16:20,0,0
08/04/2014 16:25,0,0
08/04/2014 16:30,0,0
08/04/2014 16:35,0,0
08/04/2014 16:40,0,0
08/04/2014 16:45,0,0
08/04/2014 16:50,0,0
08/04/2014 16:55,0,0
08/04/2014 17:00,0,0
08/04/2014 17:05,0,0
08/04/2014 17:10,0,0
08/04/2014 17:15,0,0
08/04/2014 17:20,0,0
08/04/2014 17:25,0,0
08/04/2014 17:30,0,0
08/04/2014 17:35,0,0
08/04/2014 17:40,0,0
08/04/2014 17:45,0,0
08/04/2014 17:50,20652900,0
08/04/2014 17:55,119384000,0
08/04/2014 18:00,362245000,0
08/04/2014 18:05,36558400,0
08/04/2014 18:10,2386330,0
08/04/2014 18:15,0,0
08/04/2014 18:20,0,0
08/04/2014 18:25,0,0
08/04/2014 18:30,0,0
08/04/2014 18:35,0,0
08/04/2014 18:40,0,0
08/04/2014 18:45,0,0
08/04/2014 18:50,0,0
08/04/2014 18:55,0,0
08/04/2014 19:00,0,0
08/04/2014 19:05,0,0
08/04/2014 19:10,0,0
08/04/2014 19:15,2457.6,0
08/04/2014 19:20,101776000,0
08/04/2014 19:25,0,0
08/04/2014 19:30,0,0
08/04/2014 19:35,0,0
08/04/2014 19:40,0,0
08/04/2014 19:45,17594000,1
08/04/2014 19:50,35265700,1
08/04/2014 19:55,448469000,1
08/04/2014 20:00,36214400,1
08/04/2014 20:05,2729570,1
08/04/2014 20:10,0,1
08/04/2014 20:15,0,1
08/04/2014 20:20,0,1
08/04/2014 20:25,0,1
08/04/2014 20:30,0,1
08/04/2014 20:35,0,1
08/04/2014 20:40,0,1
08/04/2014 20:45,0,1
08/04/2014 20:50,0,1
08/04/2014 20:55,0,1
08/04/2014 21:00,0,1
08/04/2014 21:05,0,1
08/04/2014 21:10,0,1
08/04/2014 21:15,0,1
08/04/2014 21:20,0,1
08/04/2014 21:25,0,1
08/04/2014 21:30,0,1
08/04/2014 21:35,20055700,1
08/04/2014 21:40,51016500,1
08/04/2014 21:45,428189000,1
08/04/2014 21:50,36469100,1
08/04/2014 21:55,2381410,1
08/04/2014 22:00,1548290,1
08/04/2014 22:05,19980300,1
08/04/2014 22:10,51101700,1
08/04/2014 22:15,428191000,1
08/04/2014 22:20,36477300,1
08/04/2014 22:25,2418280,1
08/04/2014 22:30,0,1
08/04/2014 22:35,36222600,1
08/04/2014 22:40,367618000,1
08/04/2014 22:45,98500600,1
08/04/2014 22:50,36277500,1
08/04/2014 22:55,37683.2,1
08/04/2014 23:00,19700100,1
08/04/2014 23:05,37997800,1
08/04/2014 23:10,449375000,1
08/04/2014 23:15,35934200,1
08/04/2014 23:20,3033500,1
08/04/2014 23:25,19660.8,1
08/04/2014 23:30,0,1
08/04/2014 23:35,0,1
08/04/2014 23:40,0,1
08/04/2014 23:45,0,1
08/04/2014 23:50,0,1
08/04/2014 23:55,0,1
09/04/2014 00:00,0,1
09/04/2014 00:05,0,1
09/04/2014 00:10,0,1
09/04/2014 00:15,0,1
09/04/2014 00:20,0,1
09/04/2014 00:25,0,1
09/04/2014 00:30,0,1
09/04/2014 00:35,0,1
09/04/2014 00:40,0,1
09/04/2014 00:45,0,1
09/04/2014 00:50,0,1
09/04/2014 00:55,0,1
09/04/2014 01:00,0,1
09/04/2014 01:05,0,1
09/04/2014 01:10,0,1
09/04/2014 01:15,41491700,1
09/04/2014 01:20,107436000,1
09/04/2014 01:25,219154000,1
09/04/2014 01:30,591730000,1
09/04/2014 01:35,0,1
09/04/2014 01:40,96368200,1
09/04/2014 01:45,2884400,1
09/04/2014 01:50,17203.2,1
09/04/2014 01:55,0,1
09/04/2014 02:00,0,1
09/04/2014 02:05,6135810,1
09/04/2014 02:10,106832000,1
09/04/2014 02:15,283841000,1
09/04/2014 02:20,525151000,1
09/04/2014 02:25,0,1
09/04/2014 02:30,96373100,1
09/04/2014 02:35,2919630,1
09/04/2014 02:40,20480,1
09/04/2014 02:45,0,1
09/04/2014 02:50,0,1
09/04/2014 02:55,0,1
09/04/2014 03:00,54743900,1
09/04/2014 03:05,75516300,1
09/04/2014 03:10,462646000,1
09/04/2014 03:15,327452000,1
09/04/2014 03:20,0,1
09/04/2014 03:25,96719700,1
09/04/2014 03:30,2679600,1
09/04/2014 03:35,0,1
09/04/2014 03:40,0,1
09/04/2014 03:45,0,1
09/04/2014 03:50,0,1
09/04/2014 03:55,58098500,1
09/04/2014 04:00,76328100,1
09/04/2014 04:05,673993000,1
09/04/2014 04:10,112273000,1
09/04/2014 04:15,84437400,1
09/04/2014 04:20,14957800,1
09/04/2014 04:25,68812.8,1
09/04/2014 04:30,0,1
09/04/2014 04:35,0,1
09/04/2014 04:40,0,1
09/04/2014 04:45,0,1
09/04/2014 04:50,0,1
09/04/2014 04:55,0,1
09/04/2014 05:00,0,1
09/04/2014 05:05,0,1
09/04/2014 05:10,0,1
09/04/2014 05:15,0,1
09/04/2014 05:20,0,1
09/04/2014 05:25,0,1
09/04/2014 05:30,0,1
09/04/2014 05:35,0,1
09/04/2014 05:40,0,1
09/04/2014 05:45,0,1
09/04/2014 05:50,0,1
09/04/2014 05:55,0,1
09/04/2014 06:00,0,1
09/04/2014 06:05,0,1
09/04/2014 06:10,0,1
09/04/2014 06:15,0,1
09/04/2014 06:20,0,1
09/04/2014 06:25,0,1
09/04/2014 06:30,0,1
09/04/2014 06:35,0,1
09/04/2014 06:40,0,1
09/04/2014 06:45,0,1
09/04/2014 06:50,0,1
09/04/2014 06:55,0,1
09/04/2014 07:00,0,0
09/04/2014 07:05,0,0
09/04/2014 07:10,0,0
09/04/2014 07:15,0,0
09/04/2014 07:20,0,0
09/04/2014 07:25,0,0
09/04/2014 07:30,0,0
09/04/2014 07:35,0,0
09/04/2014 07:40,0,0
09/04/2014 07:45,0,0
09/04/2014 07:50,0,0
09/04/2014 07:55,0,0
09/04/2014 08:00,0,0
09/04/2014 08:05,0,0
09/04/2014 08:10,0,0
09/04/2014 08:15,0,0
09/04/2014 08:20,0,0
09/04/2014 08:25,0,0
09/04/2014 08:30,0,0
09/04/2014 08:35,0,0
09/04/2014 08:40,0,0
09/04/2014 08:45,0,0
09/04/2014 08:50,0,0
09/04/2014 08:55,0,0
09/04/2014 09:00,0,0
09/04/2014 09:05,0,0
09/04/2014 09:10,0,0
09/04/2014 09:15,0,0
09/04/2014 09:20,0,0
09/04/2014 09:25,0,0
09/04/2014 09:30,0,0
09/04/2014 09:35,12288,0
09/04/2014 09:40,37683.2,0
09/04/2014 09:45,18022.4,0
09/04/2014 09:50,33587.2,0
09/04/2014 09:55,33587.2,0
09/04/2014 10:00,45056,0
09/04/2014 10:05,36864,0
09/04/2014 10:10,2188900,0
09/04/2014 10:15,2189720,0
09/04/2014 10:20,10649.6,0
09/04/2014 10:25,0,0
09/04/2014 10:30,0,0
09/04/2014 10:35,0,0
09/04/2014 10:40,0,0
09/04/2014 10:45,0,0
09/04/2014 10:50,0,0
09/04/2014 10:55,15564.8,0
09/04/2014 11:00,43417.6,0
09/04/2014 11:05,72908.8,0
09/04/2014 11:10,0,0
09/04/2014 11:15,917504,0
09/04/2014 11:20,1269760,0
09/04/2014 11:25,0,0
09/04/2014 11:30,1624470,0
09/04/2014 11:35,2374860,0
09/04/2014 11:40,603750,0
09/04/2014 11:45,1924300,0
09/04/2014 11:50,0,0
09/04/2014 11:55,0,0
09/04/2014 12:00,0,0
09/04/2014 12:05,0,0
09/04/2014 12:10,0,0
09/04/2014 12:15,0,0
09/04/2014 12:20,0,0
09/04/2014 12:25,0,0
09/04/2014 12:30,0,0
09/04/2014 12:35,0,0
09/04/2014 12:40,0,0
09/04/2014 12:45,0,0
09/04/2014 12:50,0,0
09/04/2014 12:55,0,0
09/04/2014 13:00,0,0
09/04/2014 13:05,0,0
09/04/2014 13:10,0,0
09/04/2014 13:15,0,0
09/04/2014 13:20,0,0
09/04/2014 13:25,0,0
09/04/2014 13:30,0,0
09/04/2014 13:35,0,0
09/04/2014 13:40,0,0
09/04/2014 13:45,0,0
09/04/2014 13:50,0,0
09/04/2014 13:55,0,0
09/04/2014 14:00,0,0
09/04/2014 14:05,0,0
09/04/2014 14:10,0,0
09/04/2014 14:15,0,0
09/04/2014 14:20,0,0
09/04/2014 14:25,0,0
09/04/2014 14:30,0,0
09/04/2014 14:35,0,0
09/04/2014 14:40,0,0
09/04/2014 14:45,0,0
09/04/2014 14:50,0,0
09/04/2014 14:55,0,0
09/04/2014 15:00,0,0
09/04/2014 15:05,0,0
09/04/2014 15:10,0,0
09/04/2014 15:15,0,0
09/04/2014 15:20,0,0
09/04/2014 15:25,0,0
09/04/2014 15:30,0,0
09/04/2014 15:35,0,0
09/04/2014 15:40,0,0
09/04/2014 15:45,0,0
09/04/2014 15:50,0,0
09/04/2014 15:55,0,0
09/04/2014 16:00,0,0
09/04/2014 16:05,0,0
09/04/2014 16:10,0,0
09/04/2014 16:15,0,0
09/04/2014 16:20,0,0
09/04/2014 16:25,0,0
09/04/2014 16:30,2018510,0
09/04/2014 16:35,110362000,0
09/04/2014 16:40,283214000,0
09/04/2014 16:45,524449000,0
09/04/2014 16:50,0,0
09/04/2014 16:55,96731100,0
09/04/2014 17:00,3079370,0
09/04/2014 17:05,22937.6,0
09/04/2014 17:10,0,0
09/04/2014 17:15,0,0
09/04/2014 17:20,0,0
09/04/2014 17:25,0,0
09/04/2014 17:30,0,0
09/04/2014 17:35,0,0
09/04/2014 17:40,0,0
09/04/2014 17:45,0,0
09/04/2014 17:50,0,0
09/04/2014 17:55,0,0
09/04/2014 18:00,0,0
09/04/2014 18:05,0,0
09/04/2014 18:10,0,0
09/04/2014 18:15,0,0
09/04/2014 18:20,0,0
09/04/2014 18:25,0,0
09/04/2014 18:30,0,0
09/04/2014 18:35,0,0
09/04/2014 18:40,0,0
09/04/2014 18:45,0,0
09/04/2014 18:50,0,0
09/04/2014 18:55,0,0
09/04/2014 19:00,0,0
09/04/2014 19:05,0,0
09/04/2014 19:10,0,0
09/04/2014 19:15,0,0
09/04/2014 19:20,0,0
09/04/2014 19:25,0,0
09/04/2014 19:30,0,0
09/04/2014 19:35,0,0
09/04/2014 19:40,0,0
09/04/2014 19:45,0,0
09/04/2014 19:50,0,0
09/04/2014 19:55,0,0
09/04/2014 20:00,0,0
09/04/2014 20:05,0,0
09/04/2014 20:10,0,0
09/04/2014 20:15,0,0
09/04/2014 20:20,0,0
09/04/2014 20:25,0,0
09/04/2014 20:30,0,0
09/04/2014 20:35,0,0
09/04/2014 20:40,0,0
09/04/2014 20:45,107319000,0
09/04/2014 20:50,47379300,0
09/04/2014 20:55,767613000,0
09/04/2014 21:00,953549,0
09/04/2014 21:05,93100400,0
09/04/2014 21:10,7032830,0
09/04/2014 21:15,27033.6,0
09/04/2014 21:20,0,0
09/04/2014 21:25,0,0
09/04/2014 21:30,0,0
09/04/2014 21:35,56606700,0
09/04/2014 21:40,74510300,0
09/04/2014 21:45,655983000,0
09/04/2014 21:50,134471000,0
09/04/2014 21:55,66659900,0
09/04/2014 22:00,93010300,0
09/04/2014 22:05,25943200,0
09/04/2014 22:10,2903240,0
09/04/2014 22:15,25395.2,0
09/04/2014 22:20,0,0
09/04/2014 22:25,0,0
09/04/2014 22:30,898662,0
09/04/2014 22:35,106727000,0
09/04/2014 22:40,216740000,0
09/04/2014 22:45,651970000,0
09/04/2014 22:50,45107600,0
09/04/2014 22:55,13067900,0
09/04/2014 23:00,9011.2,0
09/04/2014 23:05,97367700,0
09/04/2014 23:10,2993360,0
09/04/2014 23:15,0,0
09/04/2014 23:20,0,0
09/04/2014 23:25,0,0
09/04/2014 23:30,0,0
09/04/2014 23:35,0,0
09/04/2014 23:40,0,0
09/04/2014 23:45,0,0
09/04/2014 23:50,0,0
09/04/2014 23:55,0,0
10/04/2014 00:00,0,0
10/04/2014 00:05,0,0
10/04/2014 00:10,0,0
10/04/2014 00:15,0,0
10/04/2014 00:20,0,0
10/04/2014 00:25,0,0
10/04/2014 00:30,0,0
10/04/2014 00:35,0,0
10/04/2014 00:40,0,0
10/04/2014 00:45,0,0
10/04/2014 00:50,0,0
10/04/2014 00:55,0,0
10/04/2014 01:00,0,0
10/04/2014 01:05,0,0
10/04/2014 01:10,0,0
10/04/2014 01:15,0,0
10/04/2014 01:20,0,0
10/04/2014 01:25,0,0
10/04/2014 01:30,0,0
10/04/2014 01:35,0,0
10/04/2014 01:40,0,0
10/04/2014 01:45,0,0
10/04/2014 01:50,0,0
10/04/2014 01:55,0,0
10/04/2014 02:00,0,0
10/04/2014 02:05,0,0
10/04/2014 02:10,0,0
10/04/2014 02:15,0,0
10/04/2014 02:20,0,0
10/04/2014 02:25,0,0
10/04/2014 02:30,0,0
10/04/2014 02:35,0,0
10/04/2014 02:40,0,0
10/04/2014 02:45,0,0
10/04/2014 02:50,0,0
10/04/2014 02:55,0,0
10/04/2014 03:00,0,0
10/04/2014 03:05,0,0
10/04/2014 03:10,0,0
10/04/2014 03:15,0,0
10/04/2014 03:20,0,0
10/04/2014 03:25,0,0
10/04/2014 03:30,0,0
10/04/2014 03:35,0,0
10/04/2014 03:40,0,0
10/04/2014 03:45,0,0
10/04/2014 03:50,0,0
10/04/2014 03:55,0,0
10/04/2014 04:00,0,0
10/04/2014 04:05,0,0
10/04/2014 04:10,0,0
10/04/2014 04:15,0,0
10/04/2014 04:20,0,0
10/04/2014 04:25,0,0
10/04/2014 04:30,0,0
10/04/2014 04:35,0,0
10/04/2014 04:40,0,0
10/04/2014 04:45,0,0
10/04/2014 04:50,0,0
10/04/2014 04:55,0,0
10/04/2014 05:00,0,0
10/04/2014 05:05,0,0
10/04/2014 05:10,0,0
10/04/2014 05:15,0,0
10/04/2014 05:20,0,0
10/04/2014 05:25,0,0
10/04/2014 05:30,0,0
10/04/2014 05:35,59774600,0
10/04/2014 05:40,89156000,0
10/04/2014 05:45,668726000,0
10/04/2014 05:50,104690000,0
10/04/2014 05:55,88517000,0
10/04/2014 06:00,8364850,0
10/04/2014 06:05,2782000,0
10/04/2014 06:10,0,0
10/04/2014 06:15,0,0
10/04/2014 06:20,0,0
10/04/2014 06:25,0,0
10/04/2014 06:30,0,0
10/04/2014 06:35,0,0
10/04/2014 06:40,0,0
10/04/2014 06:45,0,0
10/04/2014 06:50,0,0
10/04/2014 06:55,0,0
10/04/2014 07:00,0,0
10/04/2014 07:05,0,0
10/04/2014 07:10,17203.2,0
10/04/2014 07:15,0,0
10/04/2014 07:20,0,0
10/04/2014 07:25,0,0
10/04/2014 07:30,0,0
10/04/2014 07:35,0,0
10/04/2014 07:40,0,0
10/04/2014 07:45,0,0
10/04/2014 07:50,0,0
10/04/2014 07:55,0,0
10/04/2014 08:00,0,0
10/04/2014 08:05,0,0
10/04/2014 08:10,0,0
10/04/2014 08:15,267878,0
10/04/2014 08:20,9011.2,0
10/04/2014 08:25,0,0
10/04/2014 08:30,126976,0
10/04/2014 08:35,68812.8,0
10/04/2014 08:40,107315,0
10/04/2014 08:45,288358,0
10/04/2014 08:50,1947240,1
10/04/2014 08:55,2140570,1
10/04/2014 09:00,2173340,1
10/04/2014 09:05,0,1
10/04/2014 09:10,15564.8,1
10/04/2014 09:15,68812.8,1
10/04/2014 09:20,2184810,1
10/04/2014 09:25,0,1
10/04/2014 09:30,0,1
10/04/2014 09:35,0,1
10/04/2014 09:40,0,1
10/04/2014 09:45,0,1
10/04/2014 09:50,0,1
10/04/2014 09:55,0,1
10/04/2014 10:00,0,1
10/04/2014 10:05,0,1
10/04/2014 10:10,0,1
10/04/2014 10:15,0,1
10/04/2014 10:20,0,1
10/04/2014 10:25,0,1
10/04/2014 10:30,0,1
10/04/2014 10:35,3276.8,1
10/04/2014 10:40,2235600,1
10/04/2014 10:45,2288030,1
10/04/2014 10:50,44236.8,1
10/04/2014 10:55,93388.8,1
10/04/2014 11:00,10630800,1
10/04/2014 11:05,10720900,1
10/04/2014 11:10,1681000,1
10/04/2014 11:15,1059230,1
10/04/2014 11:20,2193000,1
10/04/2014 11:25,18022.4,1
10/04/2014 11:30,105677,1
10/04/2014 11:35,2155320,1
10/04/2014 11:40,2176610,1
10/04/2014 11:45,2174980,1
10/04/2014 11:50,31948.8,1
10/04/2014 11:55,0,1
10/04/2014 12:00,0,1
10/04/2014 12:05,0,1
10/04/2014 12:10,0,1
10/04/2014 12:15,0,1
10/04/2014 12:20,1341030,1
10/04/2014 12:25,789709,1
10/04/2014 12:30,2095510,1
10/04/2014 12:35,1780120,1
10/04/2014 12:40,345702,1
10/04/2014 12:45,59528000,1
10/04/2014 12:50,72369800,1
10/04/2014 12:55,209405000,1
10/04/2014 13:00,323628000,1
10/04/2014 13:05,2179890,1
10/04/2014 13:10,1457360,1
10/04/2014 13:15,7920030,1
10/04/2014 13:20,104400000,1
10/04/2014 13:25,40586400,1
10/04/2014 13:30,127318000,1
10/04/2014 13:35,415432000,1
10/04/2014 13:40,0,1
10/04/2014 13:45,57344,1
10/04/2014 13:50,156388000,1
10/04/2014 13:55,723771000,1
10/04/2014 14:00,5173250,1
10/04/2014 14:05,0,1
10/04/2014 14:10,0,1
10/04/2014 14:15,0,1
10/04/2014 14:20,823296,1
10/04/2014 14:25,107990000,1
10/04/2014 14:30,43216100,1
10/04/2014 14:35,863964000,1
10/04/2014 14:40,128310000,1
10/04/2014 14:45,0,1
10/04/2014 14:50,125814000,1
10/04/2014 14:55,3633150,1
10/04/2014 15:00,26214.4,1
10/04/2014 15:05,0,1
10/04/2014 15:10,0,1
10/04/2014 15:15,0,1
10/04/2014 15:20,0,1
10/04/2014 15:25,0,1
10/04/2014 15:30,0,1
10/04/2014 15:35,0,1
10/04/2014 15:40,0,1
10/04/2014 15:45,0,1
10/04/2014 15:50,0,1
10/04/2014 15:55,23756.8,1
10/04/2014 16:00,0,1
10/04/2014 16:05,0,1
10/04/2014 16:10,0,1
10/04/2014 16:15,0,1
10/04/2014 16:20,0,1
10/04/2014 16:25,0,1
10/04/2014 16:30,7218790,1
10/04/2014 16:35,107039000,1
10/04/2014 16:40,44109000,1
10/04/2014 16:45,31948.8,1
10/04/2014 16:50,0,1
10/04/2014 16:55,933888,1
10/04/2014 17:00,108395000,1
10/04/2014 17:05,47711800,1
10/04/2014 17:10,556941000,1
10/04/2014 17:15,103476000,1
10/04/2014 17:20,0,1
10/04/2014 17:25,121145000,1
10/04/2014 17:30,3104770,1
10/04/2014 17:35,26214.4,1
10/04/2014 17:40,4915.2,1
10/04/2014 17:45,0,1
10/04/2014 17:50,0,1
10/04/2014 17:55,0,1
10/04/2014 18:00,0,1
10/04/2014 18:05,0,1
10/04/2014 18:10,0,1
10/04/2014 18:15,0,1
10/04/2014 18:20,7889720,1
10/04/2014 18:25,106255000,1
10/04/2014 18:30,44371100,1
10/04/2014 18:35,617735000,1
10/04/2014 18:40,41200800,1
10/04/2014 18:45,0,1
10/04/2014 18:50,121070000,1
10/04/2014 18:55,3109680,1
10/04/2014 19:00,1178830,1
10/04/2014 19:05,0,1
10/04/2014 19:10,0,1
10/04/2014 19:15,0,1
10/04/2014 19:20,0,1
10/04/2014 19:25,0,1
10/04/2014 19:30,0,1
10/04/2014 19:35,0,1
10/04/2014 19:40,1413120,1
10/04/2014 19:45,0,1
10/04/2014 19:50,0,1
10/04/2014 19:55,3870720,1
10/04/2014 20:00,110296000,1
10/04/2014 20:05,43462700,0
10/04/2014 20:10,590533000,0
10/04/2014 20:15,69518100,0
10/04/2014 20:20,0,0
10/04/2014 20:25,121093000,0
10/04/2014 20:30,3099850,0
10/04/2014 20:35,18841.6,0
10/04/2014 20:40,0,0
10/04/2014 20:45,8957950,0
10/04/2014 20:50,105669000,0
10/04/2014 20:55,46432300,0
10/04/2014 21:00,657372000,0
10/04/2014 21:05,1639220,0
10/04/2014 21:10,1037930,0
10/04/2014 21:15,122696000,0
10/04/2014 21:20,3328410,0
10/04/2014 21:25,789709,0
10/04/2014 21:30,365363,0
10/04/2014 21:35,0,0
10/04/2014 21:40,0,0
10/04/2014 21:45,0,0
10/04/2014 21:50,0,0
10/04/2014 21:55,0,0
10/04/2014 22:00,0,0
10/04/2014 22:05,0,0
10/04/2014 22:10,0,0
10/04/2014 22:15,3276.8,0
10/04/2014 22:20,0,0
10/04/2014 22:25,0,0
10/04/2014 22:30,0,0
10/04/2014 22:35,942080,0
10/04/2014 22:40,108443000,0
10/04/2014 22:45,43176800,0
10/04/2014 22:50,545034000,0
10/04/2014 22:55,120485000,0
10/04/2014 23:00,0,0
10/04/2014 23:05,120776000,0
10/04/2014 23:10,3524200,0
10/04/2014 23:15,26214.4,0
10/04/2014 23:20,1191120,0
10/04/2014 23:25,3276.8,0
10/04/2014 23:30,0,0
10/04/2014 23:35,0,0
10/04/2014 23:40,0,0
10/04/2014 23:45,0,0
10/04/2014 23:50,0,0
10/04/2014 23:55,0,0
11/04/2014 00:00,0,0
11/04/2014 00:05,0,0
11/04/2014 00:10,63275800,0
11/04/2014 00:15,69726200,0
11/04/2014 00:20,156096000,0
11/04/2014 00:25,528632000,0
11/04/2014 00:30,0,0
11/04/2014 00:35,115800000,0
11/04/2014 00:40,5535330,0
11/04/2014 00:45,2986800,0
11/04/2014 00:50,0,0
11/04/2014 00:55,0,0
11/04/2014 01:00,0,0
11/04/2014 01:05,0,0
11/04/2014 01:10,0,0
11/04/2014 01:15,0,0
11/04/2014 01:20,0,0
11/04/2014 01:25,0,0
11/04/2014 01:30,0,0
11/04/2014 01:35,0,0
11/04/2014 01:40,0,0
11/04/2014 01:45,107201000,0
11/04/2014 01:50,29941800,0
11/04/2014 01:55,340659000,0
11/04/2014 02:00,339663000,0
11/04/2014 02:05,0,0
11/04/2014 02:10,117510000,0
11/04/2014 02:15,6813290,0
11/04/2014 02:20,36864,0
11/04/2014 02:25,0,0
11/04/2014 02:30,0,0
11/04/2014 02:35,0,0
11/04/2014 02:40,0,0
11/04/2014 02:45,0,0
11/04/2014 02:50,0,0
11/04/2014 02:55,0,0
11/04/2014 03:00,0,0
11/04/2014 03:05,0,0
11/04/2014 03:10,0,0
11/04/2014 03:15,0,0
11/04/2014 03:20,0,0
11/04/2014 03:25,22118.4,0
11/04/2014 03:30,0,0
11/04/2014 03:35,0,0
11/04/2014 03:40,0,0
11/04/2014 03:45,0,0
11/04/2014 03:50,0,0
11/04/2014 03:55,0,0
11/04/2014 04:00,0,0
11/04/2014 04:05,0,0
11/04/2014 04:10,0,0
11/04/2014 04:15,0,0
11/04/2014 04:20,0,0
11/04/2014 04:25,0,0
11/04/2014 04:30,0,0
11/04/2014 04:35,0,0
11/04/2014 04:40,0,0
11/04/2014 04:45,60339800,0
11/04/2014 04:50,72510700,0
11/04/2014 04:55,347333000,0
11/04/2014 05:00,336647000,0
11/04/2014 05:05,0,0
11/04/2014 05:10,116996000,0
11/04/2014 05:15,7286780,0
11/04/2014 05:20,90112,0
11/04/2014 05:25,0,0
11/04/2014 05:30,0,0
11/04/2014 05:35,0,0
11/04/2014 05:40,0,0
11/04/2014 05:45,0,0
11/04/2014 05:50,0,0
11/04/2014 05:55,0,0
11/04/2014 06:00,0,0
11/04/2014 06:05,0,0
11/04/2014 06:10,0,0
11/04/2014 06:15,0,0
11/04/2014 06:20,0,0
11/04/2014 06:25,0,0
11/04/2014 06:30,58982.4,0
11/04/2014 06:35,11468.8,0
11/04/2014 06:40,0,0
11/04/2014 06:45,0,0
11/04/2014 06:50,0,0
11/04/2014 06:55,0,0
11/04/2014 07:00,0,0
11/04/2014 07:05,0,0
11/04/2014 07:10,0,0
11/04/2014 07:15,0,0
11/04/2014 07:20,0,0
11/04/2014 07:25,0,0
11/04/2014 07:30,0,0
11/04/2014 07:35,0,0
11/04/2014 07:40,0,0
11/04/2014 07:45,0,0
11/04/2014 07:50,0,0
11/04/2014 07:55,0,0
11/04/2014 08:00,0,0
11/04/2014 08:05,0,0
11/04/2014 08:10,0,0
11/04/2014 08:15,0,0
11/04/2014 08:20,0,0
11/04/2014 08:25,0,0
11/04/2014 08:30,0,0
11/04/2014 08:35,0,0
11/04/2014 08:40,0,0
11/04/2014 08:45,0,0
11/04/2014 08:50,0,0
11/04/2014 08:55,0,0
11/04/2014 09:00,0,0
11/04/2014 09:05,0,0
11/04/2014 09:10,0,0
11/04/2014 09:15,0,0
11/04/2014 09:20,68812.8,0
11/04/2014 09:25,35225.6,0
11/04/2014 09:30,2250340,0
11/04/2014 09:35,2164330,0
11/04/2014 09:40,60620.8,0
11/04/2014 09:45,3710980,0
11/04/2014 09:50,47513.6,0
11/04/2014 09:55,36864,0
11/04/2014 10:00,86917900,0
11/04/2014 10:05,21299.2,0
11/04/2014 10:10,0,0
11/04/2014 10:15,17521900,0
11/04/2014 10:20,482509,0
11/04/2014 10:25,56600200,0
11/04/2014 10:30,76689400,0
11/04/2014 10:35,27496400,0
11/04/2014 10:40,658440000,0
11/04/2014 10:45,0,0
11/04/2014 10:50,112520000,0
11/04/2014 10:55,8678600,0
11/04/2014 11:00,3261240,0
11/04/2014 11:05,2207740,0
11/04/2014 11:10,1030550,0
11/04/2014 11:15,3282530,0
11/04/2014 11:20,2138930,0
11/04/2014 11:25,0,0
11/04/2014 11:30,2120910,0
11/04/2014 11:35,0,0
11/04/2014 11:40,0,0
11/04/2014 11:45,0,0
11/04/2014 11:50,0,0
11/04/2014 11:55,2143030,0
11/04/2014 12:00,108954,0
11/04/2014 12:05,2047180,0
11/04/2014 12:10,0,0
11/04/2014 12:15,307200,0
11/04/2014 12:20,0,0
11/04/2014 12:25,13107.2,0
11/04/2014 12:30,2129100,0
11/04/2014 12:35,15266600,0
11/04/2014 12:40,103057000,0
11/04/2014 12:45,47321900,0
11/04/2014 12:50,290999000,0
11/04/2014 12:55,374614000,0
11/04/2014 13:00,430080,0
11/04/2014 13:05,272794,0
11/04/2014 13:10,123104000,0
11/04/2014 13:15,18022.4,0
11/04/2014 13:20,0,0
11/04/2014 13:25,0,0
11/04/2014 13:30,0,0
11/04/2014 13:35,0,0
11/04/2014 13:40,0,0
11/04/2014 13:45,0,0
11/04/2014 13:50,0,0
11/04/2014 13:55,0,0
11/04/2014 14:00,7878250,0
11/04/2014 14:05,107195000,0
11/04/2014 14:10,44328600,0
11/04/2014 14:15,636591000,0
11/04/2014 14:20,22303500,0
11/04/2014 14:25,0,0
11/04/2014 14:30,121120000,0
11/04/2014 14:35,0,0
11/04/2014 14:40,0,0
11/04/2014 14:45,0,0
11/04/2014 14:50,0,0
11/04/2014 14:55,0,0
11/04/2014 15:00,3276.8,0
11/04/2014 15:05,0,0
11/04/2014 15:10,0,0
11/04/2014 15:15,0,0
11/04/2014 15:20,0,0
11/04/2014 15:25,0,0
11/04/2014 15:30,0,0
11/04/2014 15:35,18022.4,0
11/04/2014 15:40,0,0
11/04/2014 15:45,0,0
11/04/2014 15:50,0,0
11/04/2014 15:55,0,0
11/04/2014 16:00,0,0
11/04/2014 16:05,3276.8,0
11/04/2014 16:10,0,0
11/04/2014 16:15,0,0
11/04/2014 16:20,0,0
11/04/2014 16:25,0,0
11/04/2014 16:30,0,0
11/04/2014 16:35,0,0
11/04/2014 16:40,0,0
11/04/2014 16:45,0,0
11/04/2014 16:50,0,0
11/04/2014 16:55,31129.6,0
11/04/2014 17:00,0,0
11/04/2014 17:05,0,0
11/04/2014 17:10,0,0
11/04/2014 17:15,9830.4,0
11/04/2014 17:20,31129.6,0
11/04/2014 17:25,27852.8,0
11/04/2014 17:30,22937.6,0
11/04/2014 17:35,282130000,0
11/04/2014 17:40,561830000,0
11/04/2014 17:45,546669000,0
11/04/2014 17:50,283793000,0
11/04/2014 17:55,14745.6,0
11/04/2014 18:00,0,0
11/04/2014 18:05,342781000,0
11/04/2014 18:10,682892000,0
11/04/2014 18:15,663439000,0
11/04/2014 18:20,575128000,0
11/04/2014 18:25,620649000,0
11/04/2014 18:30,625776000,0
11/04/2014 18:35,633349000,0
11/04/2014 18:40,633300000,0
11/04/2014 18:45,584634000,0
11/04/2014 18:50,683276000,0
11/04/2014 18:55,400653000,0
11/04/2014 19:00,365531000,0
11/04/2014 19:05,0,0
11/04/2014 19:10,0,0
11/04/2014 19:15,0,0
11/04/2014 19:20,0,0
11/04/2014 19:25,0,0
11/04/2014 19:30,0,0
11/04/2014 19:35,0,0
11/04/2014 19:40,0,0
11/04/2014 19:45,0,0
11/04/2014 19:50,0,0
11/04/2014 19:55,0,0
11/04/2014 20:00,0,0
11/04/2014 20:05,0,0
11/04/2014 20:10,0,0
11/04/2014 20:15,0,0
11/04/2014 20:20,339893000,0
11/04/2014 20:25,1282870,0
11/04/2014 20:30,7857770,0
11/04/2014 20:35,106861000,0
11/04/2014 20:40,43479900,0
11/04/2014 20:45,579202000,0
11/04/2014 20:50,80189000,0
11/04/2014 20:55,0,0
11/04/2014 21:00,121530000,0
11/04/2014 21:05,460390,0
11/04/2014 21:10,0,0
11/04/2014 21:15,45056,0
11/04/2014 21:20,93388.8,0
11/04/2014 21:25,99123.2,0
11/04/2014 21:30,74547.2,0
11/04/2014 21:35,51609.6,0
11/04/2014 21:40,0,0
11/04/2014 21:45,0,0
11/04/2014 21:50,0,0
11/04/2014 21:55,0,0
11/04/2014 22:00,4915.2,0
11/04/2014 22:05,0,0
11/04/2014 22:10,0,0
11/04/2014 22:15,0,0
11/04/2014 22:20,0,0
11/04/2014 22:25,3547140,0
11/04/2014 22:30,110973000,0
11/04/2014 22:35,43988600,0
11/04/2014 22:40,567269000,0
11/04/2014 22:45,94597100,0
11/04/2014 22:50,1046120,0
11/04/2014 22:55,121753000,0
11/04/2014 23:00,584909,0
11/04/2014 23:05,0,0
11/04/2014 23:10,0,0
11/04/2014 23:15,0,0
11/04/2014 23:20,0,0
11/04/2014 23:25,0,0
11/04/2014 23:30,0,0
11/04/2014 23:35,0,0
11/04/2014 23:40,0,0
11/04/2014 23:45,0,0
11/04/2014 23:50,0,0
11/04/2014 23:55,0,0
12/04/2014 00:00,0,0
12/04/2014 00:05,1849750,0
12/04/2014 00:10,107536000,0
12/04/2014 00:15,47770000,0
12/04/2014 00:20,528700000,0
12/04/2014 00:25,131780000,0
12/04/2014 00:30,0,0
12/04/2014 00:35,119969000,0
12/04/2014 00:40,1877610,0
12/04/2014 00:45,0,0
12/04/2014 00:50,0,0
12/04/2014 00:55,0,0
12/04/2014 01:00,0,0
12/04/2014 01:05,0,0
12/04/2014 01:10,0,0
12/04/2014 01:15,0,0
12/04/2014 01:20,0,0
12/04/2014 01:25,0,0
12/04/2014 01:30,0,0
12/04/2014 01:35,0,0
12/04/2014 01:40,62477100,0
12/04/2014 01:45,70508500,0
12/04/2014 01:50,288204000,0
12/04/2014 01:55,396010000,0
12/04/2014 02:00,0,0
12/04/2014 02:05,117506000,0
12/04/2014 02:10,4349130,0
12/04/2014 02:15,0,0
12/04/2014 02:20,0,0
12/04/2014 02:25,0,0
12/04/2014 02:30,0,0
12/04/2014 02:35,0,0
12/04/2014 02:40,0,0
12/04/2014 02:45,0,0
12/04/2014 02:50,0,0
12/04/2014 02:55,0,0
12/04/2014 03:00,0,0
12/04/2014 03:05,0,0
12/04/2014 03:10,0,0
12/04/2014 03:15,0,0
12/04/2014 03:20,0,0
12/04/2014 03:25,0,0
12/04/2014 03:30,0,0
12/04/2014 03:35,0,0
12/04/2014 03:40,0,0
12/04/2014 03:45,0,0
12/04/2014 03:50,0,0
12/04/2014 03:55,0,0
12/04/2014 04:00,0,0
12/04/2014 04:05,0,0
12/04/2014 04:10,0,0
12/04/2014 04:15,0,0
12/04/2014 04:20,0,0
12/04/2014 04:25,0,0
12/04/2014 04:30,0,0
12/04/2014 04:35,0,0
12/04/2014 04:40,0,0
12/04/2014 04:45,0,0
12/04/2014 04:50,0,0
12/04/2014 04:55,0,0
12/04/2014 05:00,0,0
12/04/2014 05:05,0,0
12/04/2014 05:10,0,0
12/04/2014 05:15,0,0
12/04/2014 05:20,0,0
12/04/2014 05:25,0,0
12/04/2014 05:30,0,0
12/04/2014 05:35,0,0
12/04/2014 05:40,0,0
12/04/2014 05:45,0,0
12/04/2014 05:50,0,0
12/04/2014 05:55,0,0
12/04/2014 06:00,0,0
12/04/2014 06:05,0,0
12/04/2014 06:10,0,0
12/04/2014 06:15,0,0
12/04/2014 06:20,0,0
12/04/2014 06:25,0,0
12/04/2014 06:30,0,0
12/04/2014 06:35,0,0
12/04/2014 06:40,0,0
12/04/2014 06:45,0,0
12/04/2014 06:50,0,0
12/04/2014 06:55,0,0
12/04/2014 07:00,0,0
12/04/2014 07:05,0,0
12/04/2014 07:10,0,0
12/04/2014 07:15,0,0
12/04/2014 07:20,0,0
12/04/2014 07:25,0,0
12/04/2014 07:30,0,0
12/04/2014 07:35,0,0
12/04/2014 07:40,0,0
12/04/2014 07:45,0,0
12/04/2014 07:50,0,0
12/04/2014 07:55,0,0
12/04/2014 08:00,0,0
12/04/2014 08:05,0,0
12/04/2014 08:10,0,0
12/04/2014 08:15,0,0
12/04/2014 08:20,0,0
12/04/2014 08:25,0,0
12/04/2014 08:30,0,0
12/04/2014 08:35,0,0
12/04/2014 08:40,0,0
12/04/2014 08:45,0,0
12/04/2014 08:50,0,0
12/04/2014 08:55,0,0
12/04/2014 09:00,0,0
12/04/2014 09:05,0,0
12/04/2014 09:10,0,0
12/04/2014 09:15,0,0
12/04/2014 09:20,0,0
12/04/2014 09:25,0,0
12/04/2014 09:30,0,0
12/04/2014 09:35,0,0
12/04/2014 09:40,0,0
12/04/2014 09:45,0,0
12/04/2014 09:50,0,0
12/04/2014 09:55,0,0
12/04/2014 10:00,0,0
12/04/2014 10:05,0,0
12/04/2014 10:10,0,0
12/04/2014 10:15,0,0
12/04/2014 10:20,0,0
12/04/2014 10:25,0,0
12/04/2014 10:30,0,0
12/04/2014 10:35,0,0
12/04/2014 10:40,0,0
12/04/2014 10:45,0,0
12/04/2014 10:50,0,0
12/04/2014 10:55,0,0
12/04/2014 11:00,0,0
12/04/2014 11:05,0,0
12/04/2014 11:10,0,0
12/04/2014 11:15,0,0
12/04/2014 11:20,0,0
12/04/2014 11:25,0,0
12/04/2014 11:30,0,0
12/04/2014 11:35,0,0
12/04/2014 11:40,0,0
12/04/2014 11:45,0,0
12/04/2014 11:50,0,0
12/04/2014 11:55,0,0
12/04/2014 12:00,0,0
12/04/2014 12:05,0,0
12/04/2014 12:10,0,0
12/04/2014 12:15,0,0
12/04/2014 12:20,0,0
12/04/2014 12:25,0,0
12/04/2014 12:30,0,0
12/04/2014 12:35,0,0
12/04/2014 12:40,0,0
12/04/2014 12:45,0,0
12/04/2014 12:50,0,0
12/04/2014 12:55,0,0
12/04/2014 13:00,0,0
12/04/2014 13:05,0,0
12/04/2014 13:10,0,0
12/04/2014 13:15,0,0
12/04/2014 13:20,0,0
12/04/2014 13:25,0,0
12/04/2014 13:30,0,0
12/04/2014 13:35,0,0
12/04/2014 13:40,0,0
12/04/2014 13:45,0,0
12/04/2014 13:50,0,0
12/04/2014 13:55,0,0
12/04/2014 14:00,0,0
12/04/2014 14:05,0,0
12/04/2014 14:10,0,0
12/04/2014 14:15,0,0
12/04/2014 14:20,0,0
12/04/2014 14:25,0,0
12/04/2014 14:30,0,0
12/04/2014 14:35,0,0
12/04/2014 14:40,0,0
12/04/2014 14:45,0,0
12/04/2014 14:50,0,0
12/04/2014 14:55,0,0
12/04/2014 15:00,0,0
12/04/2014 15:05,0,0
12/04/2014 15:10,0,0
12/04/2014 15:15,0,0
12/04/2014 15:20,0,0
12/04/2014 15:25,0,0
12/04/2014 15:30,0,0
12/04/2014 15:35,0,0
12/04/2014 15:40,0,0
12/04/2014 15:45,0,0
12/04/2014 15:50,0,0
12/04/2014 15:55,0,0
12/04/2014 16:00,0,0
12/04/2014 16:05,0,0
12/04/2014 16:10,0,0
12/04/2014 16:15,0,0
12/04/2014 16:20,0,0
12/04/2014 16:25,0,0
12/04/2014 16:30,0,0
12/04/2014 16:35,0,0
12/04/2014 16:40,0,0
12/04/2014 16:45,0,0
12/04/2014 16:50,0,0
12/04/2014 16:55,0,0
12/04/2014 17:00,0,0
12/04/2014 17:05,0,0
12/04/2014 17:10,0,0
12/04/2014 17:15,0,0
12/04/2014 17:20,0,0
12/04/2014 17:25,0,0
12/04/2014 17:30,0,0
12/04/2014 17:35,0,0
12/04/2014 17:40,0,0
12/04/2014 17:45,0,0
12/04/2014 17:50,0,0
12/04/2014 17:55,0,0
12/04/2014 18:00,0,0
12/04/2014 18:05,0,0
12/04/2014 18:10,0,0
12/04/2014 18:15,0,0
12/04/2014 18:20,0,0
12/04/2014 18:25,0,0
12/04/2014 18:30,0,0
12/04/2014 18:35,0,0
12/04/2014 18:40,0,0
12/04/2014 18:45,0,0
12/04/2014 18:50,0,0
12/04/2014 18:55,0,0
12/04/2014 19:00,0,0
12/04/2014 19:05,0,0
12/04/2014 19:10,0,0
12/04/2014 19:15,0,0
12/04/2014 19:20,0,0
12/04/2014 19:25,0,0
12/04/2014 19:30,0,0
12/04/2014 19:35,0,0
12/04/2014 19:40,0,0
12/04/2014 19:45,0,0
12/04/2014 19:50,0,0
12/04/2014 19:55,0,0
12/04/2014 20:00,0,0
12/04/2014 20:05,0,0
12/04/2014 20:10,0,0
12/04/2014 20:15,0,0
12/04/2014 20:20,0,0
12/04/2014 20:25,0,0
12/04/2014 20:30,0,0
12/04/2014 20:35,0,0
12/04/2014 20:40,0,0
12/04/2014 20:45,0,0
12/04/2014 20:50,0,0
12/04/2014 20:55,0,0
12/04/2014 21:00,0,0
12/04/2014 21:05,0,0
12/04/2014 21:10,0,0
12/04/2014 21:15,0,1
12/04/2014 21:20,0,1
12/04/2014 21:25,0,1
12/04/2014 21:30,0,1
12/04/2014 21:35,0,1
12/04/2014 21:40,0,1
12/04/2014 21:45,0,1
12/04/2014 21:50,0,1
12/04/2014 21:55,0,1
12/04/2014 22:00,0,1
12/04/2014 22:05,0,1
12/04/2014 22:10,0,1
12/04/2014 22:15,0,1
12/04/2014 22:20,0,1
12/04/2014 22:25,0,1
12/04/2014 22:30,0,1
12/04/2014 22:35,0,1
12/04/2014 22:40,0,1
12/04/2014 22:45,0,1
12/04/2014 22:50,0,1
12/04/2014 22:55,0,1
12/04/2014 23:00,0,1
12/04/2014 23:05,0,1
12/04/2014 23:10,0,1
12/04/2014 23:15,0,1
12/04/2014 23:20,0,1
12/04/2014 23:25,0,1
12/04/2014 23:30,0,1
12/04/2014 23:35,0,1
12/04/2014 23:40,0,1
12/04/2014 23:45,0,1
12/04/2014 23:50,0,1
12/04/2014 23:55,0,1
13/04/2014 00:00,0,1
13/04/2014 00:05,0,1
13/04/2014 00:10,0,1
13/04/2014 00:15,0,1
13/04/2014 00:20,0,1
13/04/2014 00:25,0,1
13/04/2014 00:30,0,1
13/04/2014 00:35,0,1
13/04/2014 00:40,0,1
13/04/2014 00:45,0,1
13/04/2014 00:50,0,1
13/04/2014 00:55,0,1
13/04/2014 01:00,0,1
13/04/2014 01:05,0,1
13/04/2014 01:10,0,1
13/04/2014 01:15,0,1
13/04/2014 01:20,0,1
13/04/2014 01:25,0,1
13/04/2014 01:30,0,1
13/04/2014 01:35,0,1
13/04/2014 01:40,0,1
13/04/2014 01:45,0,1
13/04/2014 01:50,0,1
13/04/2014 01:55,0,1
13/04/2014 02:00,0,1
13/04/2014 02:05,0,1
13/04/2014 02:10,0,1
13/04/2014 02:15,0,1
13/04/2014 02:20,0,1
13/04/2014 02:25,0,1
13/04/2014 02:30,0,1
13/04/2014 02:35,0,1
13/04/2014 02:40,0,1
13/04/2014 02:45,0,1
13/04/2014 02:50,0,1
13/04/2014 02:55,0,1
13/04/2014 03:00,0,1
13/04/2014 03:05,0,1
13/04/2014 03:10,0,1
13/04/2014 03:15,0,1
13/04/2014 03:20,0,1
13/04/2014 03:25,0,1
13/04/2014 03:30,0,1
13/04/2014 03:35,0,1
13/04/2014 03:40,0,1
13/04/2014 03:45,0,1
13/04/2014 03:50,0,1
13/04/2014 03:55,0,1
13/04/2014 04:00,0,1
13/04/2014 04:05,0,1
13/04/2014 04:10,0,1
13/04/2014 04:15,0,1
13/04/2014 04:20,0,1
13/04/2014 04:25,0,1
13/04/2014 04:30,0,1
13/04/2014 04:35,0,1
13/04/2014 04:40,0,1
13/04/2014 04:45,0,1
13/04/2014 04:50,0,1
13/04/2014 04:55,0,1
13/04/2014 05:00,0,1
13/04/2014 05:05,0,1
13/04/2014 05:10,0,1
13/04/2014 05:15,0,1
13/04/2014 05:20,0,1
13/04/2014 05:25,0,1
13/04/2014 05:30,0,1
13/04/2014 05:35,0,1
13/04/2014 05:40,0,1
13/04/2014 05:45,0,1
13/04/2014 05:50,0,1
13/04/2014 05:55,0,1
13/04/2014 06:00,0,1
13/04/2014 06:05,0,1
13/04/2014 06:10,0,1
13/04/2014 06:15,0,1
13/04/2014 06:20,0,1
13/04/2014 06:25,0,1
13/04/2014 06:30,0,1
13/04/2014 06:35,0,1
13/04/2014 06:40,0,1
13/04/2014 06:45,0,1
13/04/2014 06:50,0,1
13/04/2014 06:55,0,1
13/04/2014 07:00,0,1
13/04/2014 07:05,0,1
13/04/2014 07:10,0,1
13/04/2014 07:15,0,1
13/04/2014 07:20,0,1
13/04/2014 07:25,0,1
13/04/2014 07:30,0,1
13/04/2014 07:35,0,1
13/04/2014 07:40,0,1
13/04/2014 07:45,0,1
13/04/2014 07:50,0,1
13/04/2014 07:55,0,1
13/04/2014 08:00,0,1
13/04/2014 08:05,0,1
13/04/2014 08:10,0,1
13/04/2014 08:15,0,1
13/04/2014 08:20,0,1
13/04/2014 08:25,0,1
13/04/2014 08:30,0,0
13/04/2014 08:35,0,0
13/04/2014 08:40,0,0
13/04/2014 08:45,0,0
13/04/2014 08:50,0,0
13/04/2014 08:55,0,0
13/04/2014 09:00,0,0
13/04/2014 09:05,0,0
13/04/2014 09:10,0,0
13/04/2014 09:15,0,0
13/04/2014 09:20,0,0
13/04/2014 09:25,0,0
13/04/2014 09:30,0,0
13/04/2014 09:35,0,0
13/04/2014 09:40,0,0
13/04/2014 09:45,0,0
13/04/2014 09:50,0,0
13/04/2014 09:55,0,0
13/04/2014 10:00,0,0
13/04/2014 10:05,0,0
13/04/2014 10:10,0,0
13/04/2014 10:15,0,0
13/04/2014 10:20,0,0
13/04/2014 10:25,0,0
13/04/2014 10:30,0,0
13/04/2014 10:35,0,0
13/04/2014 10:40,0,0
13/04/2014 10:45,0,0
13/04/2014 10:50,0,0
13/04/2014 10:55,0,0
13/04/2014 11:00,0,0
13/04/2014 11:05,0,0
13/04/2014 11:10,0,0
13/04/2014 11:15,0,0
13/04/2014 11:20,0,0
13/04/2014 11:25,0,0
13/04/2014 11:30,0,0
13/04/2014 11:35,0,0
13/04/2014 11:40,0,0
13/04/2014 11:45,0,0
13/04/2014 11:50,0,0
13/04/2014 11:55,0,0
13/04/2014 12:00,0,0
13/04/2014 12:05,0,0
13/04/2014 12:10,0,0
13/04/2014 12:15,0,0
13/04/2014 12:20,0,0
13/04/2014 12:25,0,0
13/04/2014 12:30,0,0
13/04/2014 12:35,0,0
13/04/2014 12:40,0,0
13/04/2014 12:45,0,0
13/04/2014 12:50,0,0
13/04/2014 12:55,0,0
13/04/2014 13:00,0,0
13/04/2014 13:05,0,0
13/04/2014 13:10,0,0
13/04/2014 13:15,0,0
13/04/2014 13:20,0,0
13/04/2014 13:25,0,0
13/04/2014 13:30,0,0
13/04/2014 13:35,0,0
13/04/2014 13:40,0,0
13/04/2014 13:45,0,0
13/04/2014 13:50,0,0
13/04/2014 13:55,0,0
13/04/2014 14:00,0,0
13/04/2014 14:05,0,0
13/04/2014 14:10,0,0
13/04/2014 14:15,0,0
13/04/2014 14:20,0,0
13/04/2014 14:25,0,0
13/04/2014 14:30,0,0
13/04/2014 14:35,0,0
13/04/2014 14:40,0,0
13/04/2014 14:45,0,0
13/04/2014 14:50,0,0
13/04/2014 14:55,0,0
13/04/2014 15:00,0,0
13/04/2014 15:05,0,0
13/04/2014 15:10,0,0
13/04/2014 15:15,0,0
13/04/2014 15:20,0,0
13/04/2014 15:25,0,0
13/04/2014 15:30,0,0
13/04/2014 15:35,0,0
13/04/2014 15:40,0,0
13/04/2014 15:45,0,0
13/04/2014 15:50,0,0
13/04/2014 15:55,0,0
13/04/2014 16:00,0,0
13/04/2014 16:05,0,0
13/04/2014 16:10,0,0
13/04/2014 16:15,0,0
13/04/2014 16:20,0,0
13/04/2014 16:25,0,0
13/04/2014 16:30,0,0
13/04/2014 16:35,0,0
13/04/2014 16:40,0,0
13/04/2014 16:45,0,0
13/04/2014 16:50,0,0
13/04/2014 16:55,0,0
13/04/2014 17:00,0,0
13/04/2014 17:05,0,0
13/04/2014 17:10,0,0
13/04/2014 17:15,0,0
13/04/2014 17:20,0,0
13/04/2014 17:25,0,0
13/04/2014 17:30,0,0
13/04/2014 17:35,0,0
13/04/2014 17:40,0,0
13/04/2014 17:45,0,0
13/04/2014 17:50,0,0
13/04/2014 17:55,0,0
13/04/2014 18:00,0,0
13/04/2014 18:05,0,0
13/04/2014 18:10,0,0
13/04/2014 18:15,0,0
13/04/2014 18:20,0,0
13/04/2014 18:25,0,0
13/04/2014 18:30,0,0
13/04/2014 18:35,0,0
13/04/2014 18:40,0,0
13/04/2014 18:45,0,0
13/04/2014 18:50,0,0
13/04/2014 18:55,0,0
13/04/2014 19:00,0,0
13/04/2014 19:05,0,0
13/04/2014 19:10,0,0
13/04/2014 19:15,0,0
13/04/2014 19:20,10649.6,0
13/04/2014 19:25,1374620,0
13/04/2014 19:30,0,0
13/04/2014 19:35,0,0
13/04/2014 19:40,0,0
13/04/2014 19:45,0,0
13/04/2014 19:50,0,0
13/04/2014 19:55,11468.8,0
13/04/2014 20:00,1179650,0
13/04/2014 20:05,0,0
13/04/2014 20:10,1173090,0
13/04/2014 20:15,0,0
13/04/2014 20:20,8907160,0
13/04/2014 20:25,106147000,0
13/04/2014 20:30,46968800,0
13/04/2014 20:35,657946000,0
13/04/2014 20:40,1476200,0
13/04/2014 20:45,0,0
13/04/2014 20:50,122100000,0
13/04/2014 20:55,22937.6,0
13/04/2014 21:00,0,0
13/04/2014 21:05,0,0
13/04/2014 21:10,0,0
13/04/2014 21:15,0,0
13/04/2014 21:20,1193570,0
13/04/2014 21:25,0,0
13/04/2014 21:30,0,0
13/04/2014 21:35,0,0
13/04/2014 21:40,0,0
13/04/2014 21:45,0,0
13/04/2014 21:50,107747000,0
13/04/2014 21:55,29367500,0
13/04/2014 22:00,547312000,0
13/04/2014 22:05,132561000,0
13/04/2014 22:10,0,0
13/04/2014 22:15,119392000,0
13/04/2014 22:20,2607510,0
13/04/2014 22:25,0,0
13/04/2014 22:30,0,0
13/04/2014 22:35,0,0
13/04/2014 22:40,0,0
13/04/2014 22:45,0,0
13/04/2014 22:50,0,0
13/04/2014 22:55,0,0
13/04/2014 23:00,0,0
13/04/2014 23:05,0,0
13/04/2014 23:10,0,0
13/04/2014 23:15,0,0
13/04/2014 23:20,0,0
13/04/2014 23:25,0,0
13/04/2014 23:30,0,0
13/04/2014 23:35,0,0
13/04/2014 23:40,1170640,0
13/04/2014 23:45,0,0
13/04/2014 23:50,1185380,0
13/04/2014 23:55,6553.6,0
14/04/2014 00:00,0,0
14/04/2014 00:05,0,0
14/04/2014 00:10,2365030,0
14/04/2014 00:15,1684280,0
14/04/2014 00:20,0,0
14/04/2014 00:25,0,0
14/04/2014 00:30,0,0
14/04/2014 00:35,0,0
14/04/2014 00:40,0,0
14/04/2014 00:45,254771,0
14/04/2014 00:50,651264,0
14/04/2014 00:55,0,0
14/04/2014 01:00,0,0
14/04/2014 01:05,0,0
14/04/2014 01:10,0,0
14/04/2014 01:15,0,0
14/04/2014 01:20,0,0
14/04/2014 01:25,0,0
14/04/2014 01:30,0,0
14/04/2014 01:35,0,0
14/04/2014 01:40,0,0
14/04/2014 01:45,0,0
14/04/2014 01:50,0,0
14/04/2014 01:55,6553.6,0
14/04/2014 02:00,0,0
14/04/2014 02:05,0,0
14/04/2014 02:10,0,0
14/04/2014 02:15,0,0
14/04/2014 02:20,0,0
14/04/2014 02:25,0,0
14/04/2014 02:30,0,0
14/04/2014 02:35,0,0
14/04/2014 02:40,0,0
14/04/2014 02:45,0,0
14/04/2014 02:50,0,0
14/04/2014 02:55,0,0
14/04/2014 03:00,0,0
14/04/2014 03:05,0,0
14/04/2014 03:10,0,0
14/04/2014 03:15,0,0
14/04/2014 03:20,0,0
14/04/2014 03:25,0,0
14/04/2014 03:30,0,0
14/04/2014 03:35,0,0
14/04/2014 03:40,0,0
14/04/2014 03:45,0,0
14/04/2014 03:50,0,0
14/04/2014 03:55,0,0
14/04/2014 04:00,0,0
14/04/2014 04:05,0,0
14/04/2014 04:10,0,0
14/04/2014 04:15,0,0
14/04/2014 04:20,0,0
14/04/2014 04:25,0,0
14/04/2014 04:30,0,0
14/04/2014 04:35,0,0
14/04/2014 04:40,0,0
14/04/2014 04:45,0,0
14/04/2014 04:50,0,0
14/04/2014 04:55,0,0
14/04/2014 05:00,0,0
14/04/2014 05:05,0,0
14/04/2014 05:10,0,0
14/04/2014 05:15,0,0
14/04/2014 05:20,0,0
14/04/2014 05:25,2180710,0
14/04/2014 05:30,3276.8,0
14/04/2014 05:35,0,0
14/04/2014 05:40,121242,0
14/04/2014 05:45,2013590,0
14/04/2014 05:50,2124190,0
14/04/2014 05:55,14745.6,0
14/04/2014 06:00,214630,0
14/04/2014 06:05,1914470,0
14/04/2014 06:10,2115170,0
14/04/2014 06:15,3276.8,0
14/04/2014 06:20,0,0
14/04/2014 06:25,2124190,0
14/04/2014 06:30,2125000,0
14/04/2014 06:35,0,0
14/04/2014 06:40,2101250,0
14/04/2014 06:45,2111900,0
14/04/2014 06:50,509542,0
14/04/2014 06:55,1625290,0
14/04/2014 07:00,0,0
14/04/2014 07:05,2111080,0
14/04/2014 07:10,17203.2,0
14/04/2014 07:15,0,0
14/04/2014 07:20,0,0
14/04/2014 07:25,0,0
14/04/2014 07:30,0,0
14/04/2014 07:35,0,0
14/04/2014 07:40,0,0
14/04/2014 07:45,0,0
14/04/2014 07:50,0,0
14/04/2014 07:55,0,0
14/04/2014 08:00,2995810,0
14/04/2014 08:05,0,0
14/04/2014 08:10,0,0
14/04/2014 08:15,0,0
14/04/2014 08:20,0,0
14/04/2014 08:25,0,0
14/04/2014 08:30,0,0
14/04/2014 08:35,0,0
14/04/2014 08:40,0,0
14/04/2014 08:45,0,0
14/04/2014 08:50,0,0
14/04/2014 08:55,0,0
14/04/2014 09:00,0,0
14/04/2014 09:05,0,0
14/04/2014 09:10,0,0
14/04/2014 09:15,0,0
14/04/2014 09:20,0,0
14/04/2014 09:25,0,0
14/04/2014 09:30,0,0
14/04/2014 09:35,0,0
14/04/2014 09:40,2150400,0
14/04/2014 09:45,3276.8,0
14/04/2014 09:50,0,0
14/04/2014 09:55,0,0
14/04/2014 10:00,0,0
14/04/2014 10:05,0,0
14/04/2014 10:10,2147940,0
14/04/2014 10:15,0,0
14/04/2014 10:20,0,0
14/04/2014 10:25,0,0
14/04/2014 10:30,0,0
14/04/2014 10:35,0,0
14/04/2014 10:40,2162690,0
14/04/2014 10:45,0,0
14/04/2014 10:50,0,0
14/04/2014 10:55,1592520,0
14/04/2014 11:00,571802,0
14/04/2014 11:05,2159410,0
14/04/2014 11:10,0,0
14/04/2014 11:15,0,0
14/04/2014 11:20,0,0
14/04/2014 11:25,0,0
14/04/2014 11:30,0,0
14/04/2014 11:35,0,0
14/04/2014 11:40,0,0
14/04/2014 11:45,0,0
14/04/2014 11:50,0,0
14/04/2014 11:55,0,0
14/04/2014 12:00,0,0
14/04/2014 12:05,0,0
14/04/2014 12:10,0,0
14/04/2014 12:15,0,0
14/04/2014 12:20,0,0
14/04/2014 12:25,0,0
14/04/2014 12:30,0,0
14/04/2014 12:35,0,0
14/04/2014 12:40,1774390,0
14/04/2014 12:45,372736,0
14/04/2014 12:50,0,0
14/04/2014 12:55,0,0
14/04/2014 13:00,526746,0
14/04/2014 13:05,1643320,0
14/04/2014 13:10,0,0
14/04/2014 13:15,0,0
14/04/2014 13:20,0,0
14/04/2014 13:25,0,0
14/04/2014 13:30,0,0
14/04/2014 13:35,0,0
14/04/2014 13:40,0,0
14/04/2014 13:45,0,0
14/04/2014 13:50,0,0
14/04/2014 13:55,0,0
14/04/2014 14:00,0,0
14/04/2014 14:05,0,0
14/04/2014 14:10,0,0
14/04/2014 14:15,1812890,0
14/04/2014 14:20,362086,0
14/04/2014 14:25,0,0
14/04/2014 14:30,0,0
14/04/2014 14:35,0,0
14/04/2014 14:40,2161050,0
14/04/2014 14:45,0,0
14/04/2014 14:50,0,0
14/04/2014 14:55,0,0
14/04/2014 15:00,2118450,0
14/04/2014 15:05,17203.2,0
14/04/2014 15:10,0,0
14/04/2014 15:15,0,0
14/04/2014 15:20,0,0
14/04/2014 15:25,0,0
14/04/2014 15:30,0,0
14/04/2014 15:35,0,0
14/04/2014 15:40,0,0
14/04/2014 15:45,0,0
14/04/2014 15:50,0,0
14/04/2014 15:55,0,0
14/04/2014 16:00,0,0
14/04/2014 16:05,0,0
14/04/2014 16:10,0,0
14/04/2014 16:15,0,0
14/04/2014 16:20,0,0
14/04/2014 16:25,0,0
14/04/2014 16:30,0,0
14/04/2014 16:35,0,0
14/04/2014 16:40,0,0
14/04/2014 16:45,0,0
14/04/2014 16:50,0,0
14/04/2014 16:55,0,0
14/04/2014 17:00,0,0
14/04/2014 17:05,0,0
14/04/2014 17:10,0,0
14/04/2014 17:15,0,0
14/04/2014 17:20,0,0
14/04/2014 17:25,2550170,0
14/04/2014 17:30,41737400,0
14/04/2014 17:35,1649870,0
14/04/2014 17:40,72671200,0
14/04/2014 17:45,0,0
14/04/2014 17:50,0,0
14/04/2014 17:55,0,0
14/04/2014 18:00,0,0
14/04/2014 18:05,0,0
14/04/2014 18:10,1165720,0
14/04/2014 18:15,59018400,0
14/04/2014 18:20,73916400,0
14/04/2014 18:25,172259000,0
14/04/2014 18:30,512123000,0
14/04/2014 18:35,1210780,0
14/04/2014 18:40,111495000,0
14/04/2014 18:45,12265100,0
14/04/2014 18:50,0,0
14/04/2014 18:55,0,0
14/04/2014 19:00,0,0
14/04/2014 19:05,0,0
14/04/2014 19:10,0,0
14/04/2014 19:15,0,0
14/04/2014 19:20,0,0
14/04/2014 19:25,0,0
14/04/2014 19:30,0,0
14/04/2014 19:35,0,0
14/04/2014 19:40,0,0
14/04/2014 19:45,0,0
14/04/2014 19:50,0,0
14/04/2014 19:55,0,0
14/04/2014 20:00,0,0
14/04/2014 20:05,0,0
14/04/2014 20:10,0,0
14/04/2014 20:15,0,0
14/04/2014 20:20,0,0
14/04/2014 20:25,0,0
14/04/2014 20:30,0,0
14/04/2014 20:35,0,0
14/04/2014 20:40,0,0
14/04/2014 20:45,0,0
14/04/2014 20:50,0,0
14/04/2014 20:55,0,0
14/04/2014 21:00,0,0
14/04/2014 21:05,0,0
14/04/2014 21:10,0,0
14/04/2014 21:15,0,0
14/04/2014 21:20,0,0
14/04/2014 21:25,7372.8,0
14/04/2014 21:30,819.2,0
14/04/2014 21:35,0,0
14/04/2014 21:40,0,0
14/04/2014 21:45,0,0
14/04/2014 21:50,0,0
14/04/2014 21:55,0,0
14/04/2014 22:00,0,0
14/04/2014 22:05,0,0
14/04/2014 22:10,0,0
14/04/2014 22:15,0,0
14/04/2014 22:20,0,0
14/04/2014 22:25,0,0
14/04/2014 22:30,0,0
14/04/2014 22:35,0,0
14/04/2014 22:40,0,0
14/04/2014 22:45,0,0
14/04/2014 22:50,0,0
14/04/2014 22:55,0,0
14/04/2014 23:00,13107.2,0
14/04/2014 23:05,2457.6,0
14/04/2014 23:10,392397,0
14/04/2014 23:15,0,0
14/04/2014 23:20,0,0
14/04/2014 23:25,0,0
14/04/2014 23:30,0,0
14/04/2014 23:35,0,0
14/04/2014 23:40,1504050,0
14/04/2014 23:45,0,0
14/04/2014 23:50,0,0
14/04/2014 23:55,0,0
15/04/2014 00:00,0,0
15/04/2014 00:05,0,0
15/04/2014 00:10,0,0
15/04/2014 00:15,0,0
15/04/2014 00:20,0,0
15/04/2014 00:25,0,0
15/04/2014 00:30,0,0
15/04/2014 00:35,0,0
15/04/2014 00:40,0,0
15/04/2014 00:45,0,0
15/04/2014 00:50,0,0
15/04/2014 00:55,0,0
15/04/2014 01:00,0,0
15/04/2014 01:05,0,0
15/04/2014 01:10,0,0
15/04/2014 01:15,0,0
15/04/2014 01:20,0,0
15/04/2014 01:25,0,0
15/04/2014 01:30,0,0
15/04/2014 01:35,0,0
15/04/2014 01:40,0,0
15/04/2014 01:45,0,0
15/04/2014 01:50,0,0
15/04/2014 01:55,0,0
15/04/2014 02:00,0,0
15/04/2014 02:05,0,0
15/04/2014 02:10,0,0
15/04/2014 02:15,0,0
15/04/2014 02:20,0,0
15/04/2014 02:25,0,0
15/04/2014 02:30,0,0
15/04/2014 02:35,0,0
15/04/2014 02:40,0,0
15/04/2014 02:45,0,0
15/04/2014 02:50,0,0
15/04/2014 02:55,0,0
15/04/2014 03:00,0,0
15/04/2014 03:05,0,0
15/04/2014 03:10,0,0
15/04/2014 03:15,0,0
15/04/2014 03:20,0,0
15/04/2014 03:25,0,0
15/04/2014 03:30,0,0
15/04/2014 03:35,0,0
15/04/2014 03:40,0,0
15/04/2014 03:45,0,0
15/04/2014 03:50,0,0
15/04/2014 03:55,0,0
15/04/2014 04:00,0,0
15/04/2014 04:05,0,0
15/04/2014 04:10,0,0
15/04/2014 04:15,0,0
15/04/2014 04:20,0,0
15/04/2014 04:25,0,0
15/04/2014 04:30,0,0
15/04/2014 04:35,0,0
15/04/2014 04:40,1208320,0
15/04/2014 04:45,0,0
15/04/2014 04:50,0,0
15/04/2014 04:55,0,0
15/04/2014 05:00,0,0
15/04/2014 05:05,0,0
15/04/2014 05:10,0,0
15/04/2014 05:15,0,0
15/04/2014 05:20,0,0
15/04/2014 05:25,0,0
15/04/2014 05:30,0,0
15/04/2014 05:35,2457.6,0
15/04/2014 05:40,819.2,0
15/04/2014 05:45,0,0
15/04/2014 05:50,0,0
15/04/2014 05:55,0,0
15/04/2014 06:00,0,0
15/04/2014 06:05,59888400,0
15/04/2014 06:10,73999200,0
15/04/2014 06:15,207516000,0
15/04/2014 06:20,479624000,0
15/04/2014 06:25,0,0
15/04/2014 06:30,115843000,0
15/04/2014 06:35,6610940,0
15/04/2014 06:40,0,0
15/04/2014 06:45,0,0
15/04/2014 06:50,0,0
15/04/2014 06:55,0,0
15/04/2014 07:00,0,0
15/04/2014 07:05,0,0
15/04/2014 07:10,0,0
15/04/2014 07:15,0,0
15/04/2014 07:20,0,0
15/04/2014 07:25,0,0
15/04/2014 07:30,2327350,0
15/04/2014 07:35,25395.2,0
15/04/2014 07:40,3276.8,0
15/04/2014 07:45,0,0
15/04/2014 07:50,0,0
15/04/2014 07:55,1824360,0
15/04/2014 08:00,611123,0
15/04/2014 08:05,0,0
15/04/2014 08:10,0,0
15/04/2014 08:15,56323300,0
15/04/2014 08:20,459571,0
15/04/2014 08:25,0,0
15/04/2014 08:30,0,0
15/04/2014 08:35,0,0
15/04/2014 08:40,0,0
15/04/2014 08:45,0,0
15/04/2014 08:50,0,0
15/04/2014 08:55,0,0
15/04/2014 09:00,0,0
15/04/2014 09:05,0,0
15/04/2014 09:10,0,0
15/04/2014 09:15,0,0
15/04/2014 09:20,0,0
15/04/2014 09:25,0,0
15/04/2014 09:30,0,0
15/04/2014 09:35,0,0
15/04/2014 09:40,0,0
15/04/2014 09:45,0,0
15/04/2014 09:50,0,0
15/04/2014 09:55,0,0
15/04/2014 10:00,0,0
15/04/2014 10:05,0,0
15/04/2014 10:10,0,0
15/04/2014 10:15,0,0
15/04/2014 10:20,0,0
15/04/2014 10:25,0,0
15/04/2014 10:30,0,0
15/04/2014 10:35,0,0
15/04/2014 10:40,0,0
15/04/2014 10:45,0,0
15/04/2014 10:50,56066000,0
15/04/2014 10:55,76927800,0
15/04/2014 11:00,96773700,0
15/04/2014 11:05,587516000,0
15/04/2014 11:10,36864,0
15/04/2014 11:15,111552000,0
15/04/2014 11:20,10782300,0
15/04/2014 11:25,2291300,0
15/04/2014 11:30,819.2,0
15/04/2014 11:35,0,0
15/04/2014 11:40,0,0
15/04/2014 11:45,0,0
15/04/2014 11:50,0,0
15/04/2014 11:55,0,0
15/04/2014 12:00,0,0
15/04/2014 12:05,0,0
15/04/2014 12:10,0,0
15/04/2014 12:15,0,0
15/04/2014 12:20,0,0
15/04/2014 12:25,0,0
15/04/2014 12:30,0,0
15/04/2014 12:35,0,0
15/04/2014 12:40,0,0
15/04/2014 12:45,0,0
15/04/2014 12:50,0,0
15/04/2014 12:55,0,0
15/04/2014 13:00,0,0
15/04/2014 13:05,0,0
15/04/2014 13:10,0,0
15/04/2014 13:15,0,0
15/04/2014 13:20,0,0
15/04/2014 13:25,0,0
15/04/2014 13:30,0,0
15/04/2014 13:35,0,0
15/04/2014 13:40,0,0
15/04/2014 13:45,0,0
15/04/2014 13:50,0,0
15/04/2014 13:55,0,0
15/04/2014 14:00,2267550,0
15/04/2014 14:05,17203.2,0
15/04/2014 14:10,0,0
15/04/2014 14:15,0,0
15/04/2014 14:20,0,0
15/04/2014 14:25,0,0
15/04/2014 14:30,0,0
15/04/2014 14:35,0,0
15/04/2014 14:40,0,0
15/04/2014 14:45,0,0
15/04/2014 14:50,0,0
15/04/2014 14:55,0,0
15/04/2014 15:00,0,0
15/04/2014 15:05,0,0
15/04/2014 15:10,0,0
15/04/2014 15:15,13926.4,0
15/04/2014 15:20,0,0
15/04/2014 15:25,0,0
15/04/2014 15:30,0,0
15/04/2014 15:35,0,0
15/04/2014 15:40,0,0
15/04/2014 15:45,0,0
15/04/2014 15:50,0,0
15/04/2014 15:55,0,0
15/04/2014 16:00,0,0
15/04/2014 16:05,0,0
15/04/2014 16:10,2251160,0
15/04/2014 16:15,9011.2,0
15/04/2014 16:20,0,0
15/04/2014 16:25,0,0
15/04/2014 16:30,0,0
15/04/2014 16:35,0,0
15/04/2014 16:40,0,0
15/04/2014 16:45,0,0
15/04/2014 16:50,0,0
15/04/2014 16:55,1175550,0
15/04/2014 17:00,0,0
15/04/2014 17:05,0,0
15/04/2014 17:10,0,0
15/04/2014 17:15,0,0
15/04/2014 17:20,0,0
15/04/2014 17:25,0,0
15/04/2014 17:30,2272460,0
15/04/2014 17:35,3276.8,0
15/04/2014 17:40,0,0
15/04/2014 17:45,0,0
15/04/2014 17:50,784794,0
15/04/2014 17:55,8261630,0
15/04/2014 18:00,33858400,0
15/04/2014 18:05,106675000,0
15/04/2014 18:10,43790300,0
15/04/2014 18:15,535190000,0
15/04/2014 18:20,131086000,0
15/04/2014 18:25,0,0
15/04/2014 18:30,120862000,0
15/04/2014 18:35,1610550,0
15/04/2014 18:40,0,0
15/04/2014 18:45,0,0
15/04/2014 18:50,61376900,0
15/04/2014 18:55,78157400,0
15/04/2014 19:00,25885900,0
15/04/2014 19:05,658345000,0
15/04/2014 19:10,103219,0
15/04/2014 19:15,0,0
15/04/2014 19:20,122534000,0
15/04/2014 19:25,42598.4,0
15/04/2014 19:30,0,0
15/04/2014 19:35,0,0
15/04/2014 19:40,0,0
15/04/2014 19:45,0,0
15/04/2014 19:50,0,0
15/04/2014 19:55,0,0
15/04/2014 20:00,0,0
15/04/2014 20:05,0,0
15/04/2014 20:10,365363,0
15/04/2014 20:15,2011960,0
15/04/2014 20:20,0,0
15/04/2014 20:25,0,0
15/04/2014 20:30,0,0
15/04/2014 20:35,0,0
15/04/2014 20:40,0,0
15/04/2014 20:45,0,0
15/04/2014 20:50,0,0
15/04/2014 20:55,0,0
15/04/2014 21:00,0,0
15/04/2014 21:05,0,0
15/04/2014 21:10,0,0
15/04/2014 21:15,840499,0
15/04/2014 21:20,2961410,0
15/04/2014 21:25,0,0
15/04/2014 21:30,3276.8,0
15/04/2014 21:35,0,0
15/04/2014 21:40,0,0
15/04/2014 21:45,0,0
15/04/2014 21:50,0,0
15/04/2014 21:55,611123,0
15/04/2014 22:00,0,0
15/04/2014 22:05,0,0
15/04/2014 22:10,0,0
15/04/2014 22:15,0,0
15/04/2014 22:20,0,0
15/04/2014 22:25,0,0
15/04/2014 22:30,0,0
15/04/2014 22:35,0,0
15/04/2014 22:40,0,0
15/04/2014 22:45,0,0
15/04/2014 22:50,0,0
15/04/2014 22:55,0,0
15/04/2014 23:00,0,0
15/04/2014 23:05,1410660,0
15/04/2014 23:10,0,0
15/04/2014 23:15,13926.4,0
15/04/2014 23:20,2282290,0
15/04/2014 23:25,107172000,0
15/04/2014 23:30,47737200,0
15/04/2014 23:35,573635000,0
15/04/2014 23:40,86393600,0
15/04/2014 23:45,0,0
15/04/2014 23:50,121614000,0
15/04/2014 23:55,1293520,0
16/04/2014 00:00,0,0
16/04/2014 00:05,0,0
16/04/2014 00:10,0,0
16/04/2014 00:15,0,0
16/04/2014 00:20,0,0
16/04/2014 00:25,0,0
16/04/2014 00:30,0,0
16/04/2014 00:35,0,0
16/04/2014 00:40,7280230,0
16/04/2014 00:45,106930000,0
16/04/2014 00:50,14445800,0
16/04/2014 00:55,0,0
16/04/2014 01:00,0,0
16/04/2014 01:05,0,0
16/04/2014 01:10,0,0
16/04/2014 01:15,0,0
16/04/2014 01:20,0,0
16/04/2014 01:25,0,0
16/04/2014 01:30,0,0
16/04/2014 01:35,0,0
16/04/2014 01:40,0,0
16/04/2014 01:45,0,0
16/04/2014 01:50,0,0
16/04/2014 01:55,0,0
16/04/2014 02:00,0,0
16/04/2014 02:05,0,0
16/04/2014 02:10,0,0
16/04/2014 02:15,0,0
16/04/2014 02:20,108741000,0
16/04/2014 02:25,43205400,0
16/04/2014 02:30,544864000,0
16/04/2014 02:35,120200000,0
16/04/2014 02:40,0,0
16/04/2014 02:45,120816000,0
16/04/2014 02:50,1664610,0
16/04/2014 02:55,0,0
16/04/2014 03:00,0,0
16/04/2014 03:05,0,0
16/04/2014 03:10,0,0
16/04/2014 03:15,0,0
16/04/2014 03:20,0,0
16/04/2014 03:25,0,0
16/04/2014 03:30,949453,0
16/04/2014 03:35,108462000,0
16/04/2014 03:40,42908900,0
16/04/2014 03:45,551724000,0
16/04/2014 03:50,113027000,0
16/04/2014 03:55,0,0
16/04/2014 04:00,120920000,0
16/04/2014 04:05,1685090,0
16/04/2014 04:10,0,0
16/04/2014 04:15,0,0
16/04/2014 04:20,0,0
16/04/2014 04:25,0,0
16/04/2014 04:30,63624800,0
16/04/2014 04:35,69441100,0
16/04/2014 04:40,417223000,0
16/04/2014 04:45,266528000,0
16/04/2014 04:50,0,0
16/04/2014 04:55,119294000,0
16/04/2014 05:00,3389850,0
16/04/2014 05:05,0,0
16/04/2014 05:10,0,0
16/04/2014 05:15,0,0
16/04/2014 05:20,0,0
16/04/2014 05:25,0,0
16/04/2014 05:30,0,0
16/04/2014 05:35,0,0
16/04/2014 05:40,0,0
16/04/2014 05:45,0,0
16/04/2014 05:50,0,0
16/04/2014 05:55,119545000,0
16/04/2014 06:00,2355200,0
16/04/2014 06:05,1438520,0
16/04/2014 06:10,0,0
16/04/2014 06:15,0,0
16/04/2014 06:20,0,0
16/04/2014 06:25,99310800,0
16/04/2014 06:30,76687800,0
16/04/2014 06:35,56834500,0
16/04/2014 06:40,13107.2,0
16/04/2014 06:45,0,0
16/04/2014 06:50,0,0
16/04/2014 06:55,0,0
16/04/2014 07:00,0,0
16/04/2014 07:05,0,0
16/04/2014 07:10,0,0
16/04/2014 07:15,0,0
16/04/2014 07:20,0,0
16/04/2014 07:25,0,0
16/04/2014 07:30,1576140,0
16/04/2014 07:35,930611,0
16/04/2014 07:40,0,0
16/04/2014 07:45,0,0
16/04/2014 07:50,0,0
16/04/2014 07:55,0,0
16/04/2014 08:00,2301130,0
16/04/2014 08:05,20480,0
16/04/2014 08:10,3276.8,0
16/04/2014 08:15,0,0
16/04/2014 08:20,0,0
16/04/2014 08:25,0,0
16/04/2014 08:30,1117390,0
16/04/2014 08:35,1682640,0
16/04/2014 08:40,0,0
16/04/2014 08:45,1633480,0
16/04/2014 08:50,1190300,0
16/04/2014 08:55,0,0
16/04/2014 09:00,0,0
16/04/2014 09:05,0,0
16/04/2014 09:10,48332.8,0
16/04/2014 09:15,12288,0
16/04/2014 09:20,2842620,0
16/04/2014 09:25,369459,0
16/04/2014 09:30,0,0
16/04/2014 09:35,311296,0
16/04/2014 09:40,1949700,0
16/04/2014 09:45,0,0
16/04/2014 09:50,0,0
16/04/2014 09:55,0,0
16/04/2014 10:00,2280650,0
16/04/2014 10:05,80281.6,0
16/04/2014 10:10,77824,0
16/04/2014 10:15,2232320,0
16/04/2014 10:20,0,0
16/04/2014 10:25,0,0
16/04/2014 10:30,0,0
16/04/2014 10:35,0,0
16/04/2014 10:40,0,0
16/04/2014 10:45,0,0
16/04/2014 10:50,0,0
16/04/2014 10:55,0,0
16/04/2014 11:00,0,0
16/04/2014 11:05,0,0
16/04/2014 11:10,0,0
16/04/2014 11:15,12288,0
16/04/2014 11:20,0,0
16/04/2014 11:25,0,0
16/04/2014 11:30,0,0
16/04/2014 11:35,0,0
16/04/2014 11:40,0,0
16/04/2014 11:45,0,0
16/04/2014 11:50,0,0
16/04/2014 11:55,0,0
16/04/2014 12:00,0,0
16/04/2014 12:05,0,0
16/04/2014 12:10,0,0
16/04/2014 12:15,1885800,0
16/04/2014 12:20,400589,0
16/04/2014 12:25,0,0
16/04/2014 12:30,0,0
16/04/2014 12:35,0,0
16/04/2014 12:40,0,0
16/04/2014 12:45,0,0
16/04/2014 12:50,0,0
16/04/2014 12:55,0,0
16/04/2014 13:00,0,0
16/04/2014 13:05,0,0
16/04/2014 13:10,0,0
16/04/2014 13:15,0,0
16/04/2014 13:20,12288,0
16/04/2014 13:25,0,0
16/04/2014 13:30,0,0
16/04/2014 13:35,0,0
16/04/2014 13:40,0,0
16/04/2014 13:45,0,0
16/04/2014 13:50,0,0
16/04/2014 13:55,0,0
16/04/2014 14:00,0,0
16/04/2014 14:05,0,0
16/04/2014 14:10,0,0
16/04/2014 14:15,0,0
16/04/2014 14:20,0,0
